[{"model": "contenttypes.contenttype", "pk": 1, "fields": {"app_label": "admin", "model": "logentry"}}, {"model": "contenttypes.contenttype", "pk": 2, "fields": {"app_label": "auth", "model": "group"}}, {"model": "contenttypes.contenttype", "pk": 3, "fields": {"app_label": "auth", "model": "permission"}}, {"model": "contenttypes.contenttype", "pk": 4, "fields": {"app_label": "auth", "model": "user"}}, {"model": "contenttypes.contenttype", "pk": 5, "fields": {"app_label": "contenttypes", "model": "contenttype"}}, {"model": "contenttypes.contenttype", "pk": 6, "fields": {"app_label": "sessions", "model": "session"}}, {"model": "contenttypes.contenttype", "pk": 7, "fields": {"app_label": "ordermanager", "model": "request"}}, {"model": "contenttypes.contenttype", "pk": 8, "fields": {"app_label": "ordermanager", "model": "equipment"}}, {"model": "contenttypes.contenttype", "pk": 9, "fields": {"app_label": "ordermanager", "model": "poll"}}, {"model": "contenttypes.contenttype", "pk": 10, "fields": {"app_label": "ordermanager", "model": "activity"}}, {"model": "contenttypes.contenttype", "pk": 11, "fields": {"app_label": "ordermanager", "model": "comment"}}, {"model": "contenttypes.contenttype", "pk": 12, "fields": {"app_label": "ordermanager", "model": "department"}}, {"model": "contenttypes.contenttype", "pk": 13, "fields": {"app_label": "ordermanager", "model": "profile"}}, {"model": "sessions.session", "pk": "0sghqgc2j5lr7g5ogl9qkgpezjuo3g9r", "fields": {"session_data": "M2JjODRjMDI4YTQ1YjgzMzUyYmZhMGNiMTA5NGJmNTI4OTNjNWY5ZTp7Il9hdXRoX3VzZXJfaGFzaCI6IjgyMzQ5YTY5YjRkZTI1ZjA1OGExMmU4MDM3MmM1Y2YxNTcyNGE0MWIiLCJfYXV0aF91c2VyX2JhY2tlbmQiOiJkamFuZ28uY29udHJpYi5hdXRoLmJhY2tlbmRzLk1vZGVsQmFja2VuZCIsIl9hdXRoX3VzZXJfaWQiOiIxIn0=", "expire_date": "2018-08-03T16:06:58.676Z"}}, {"model": "sessions.session", "pk": "1oa7w5xkcwftykd6ktx3xsvkdmap90jw", "fields": {"session_data": "M2JjODRjMDI4YTQ1YjgzMzUyYmZhMGNiMTA5NGJmNTI4OTNjNWY5ZTp7Il9hdXRoX3VzZXJfaGFzaCI6IjgyMzQ5YTY5YjRkZTI1ZjA1OGExMmU4MDM3MmM1Y2YxNTcyNGE0MWIiLCJfYXV0aF91c2VyX2JhY2tlbmQiOiJkamFuZ28uY29udHJpYi5hdXRoLmJhY2tlbmRzLk1vZGVsQmFja2VuZCIsIl9hdXRoX3VzZXJfaWQiOiIxIn0=", "expire_date": "2018-06-22T03:22:13.139Z"}}, {"model": "sessions.session", "pk": "2beqwriokz1w4o680yhsdfe2lwia2nde", "fields": {"session_data": "YWU1MDg5OTg1ZGNhYzFmNWJmYTVkYTYyMzk3NTA1MDQxNzljNmFhODp7Il9hdXRoX3VzZXJfaGFzaCI6ImVmZGM3NjBiZTlmN2Y3ZTc3YTJiMGUxNTgwNDVhMGM1YTg3MGI5ZDUiLCJfYXV0aF91c2VyX2JhY2tlbmQiOiJkamFuZ28uY29udHJpYi5hdXRoLmJhY2tlbmRzLk1vZGVsQmFja2VuZCIsIl9hdXRoX3VzZXJfaWQiOiIyIn0=", "expire_date": "2018-06-20T16:32:24.684Z"}}, {"model": "sessions.session", "pk": "2cfp4v8gs3pl1ef3q7usa88nm8g4eufi", "fields": {"session_data": "YTE3YzkyYzdkMjhiYTdmYjY0MTIyZTg4OGYyMzhhZTJlMTQyODMxNjp7Il9hdXRoX3VzZXJfaGFzaCI6IjgyMzQ5YTY5YjRkZTI1ZjA1OGExMmU4MDM3MmM1Y2YxNTcyNGE0MWIiLCJfYXV0aF91c2VyX2lkIjoiMSIsIl9hdXRoX3VzZXJfYmFja2VuZCI6ImRqYW5nby5jb250cmliLmF1dGguYmFja2VuZHMuTW9kZWxCYWNrZW5kIn0=", "expire_date": "2018-08-22T17:11:54.750Z"}}, {"model": "sessions.session", "pk": "66h0e19i2y1rkcl72pb3kfv09sm0rp4z", "fields": {"session_data": "NzE0Y2ZhM2ExMjRiNjc2NzAyYTJiMjI2ZjgxMDAyMTM3NDNhYmU2Zjp7Il9hdXRoX3VzZXJfaGFzaCI6IjQyZGQ4M2QzMTdhODQ0ODdmOTA2MGUxYTM2MzQ3MTkxOTkzMDM0OWQiLCJfYXV0aF91c2VyX2JhY2tlbmQiOiJkamFuZ28uY29udHJpYi5hdXRoLmJhY2tlbmRzLk1vZGVsQmFja2VuZCIsIl9hdXRoX3VzZXJfaWQiOiI1In0=", "expire_date": "2018-06-25T19:51:08.133Z"}}, {"model": "sessions.session", "pk": "6gjun4da8gwsk3e45c6altti6qttuuw6", "fields": {"session_data": "M2JjODRjMDI4YTQ1YjgzMzUyYmZhMGNiMTA5NGJmNTI4OTNjNWY5ZTp7Il9hdXRoX3VzZXJfaGFzaCI6IjgyMzQ5YTY5YjRkZTI1ZjA1OGExMmU4MDM3MmM1Y2YxNTcyNGE0MWIiLCJfYXV0aF91c2VyX2JhY2tlbmQiOiJkamFuZ28uY29udHJpYi5hdXRoLmJhY2tlbmRzLk1vZGVsQmFja2VuZCIsIl9hdXRoX3VzZXJfaWQiOiIxIn0=", "expire_date": "2018-06-29T14:42:14.986Z"}}, {"model": "sessions.session", "pk": "7cyn4jchqyi125nw8gk7levgofc0wk11", "fields": {"session_data": "YWU1MDg5OTg1ZGNhYzFmNWJmYTVkYTYyMzk3NTA1MDQxNzljNmFhODp7Il9hdXRoX3VzZXJfaGFzaCI6ImVmZGM3NjBiZTlmN2Y3ZTc3YTJiMGUxNTgwNDVhMGM1YTg3MGI5ZDUiLCJfYXV0aF91c2VyX2JhY2tlbmQiOiJkamFuZ28uY29udHJpYi5hdXRoLmJhY2tlbmRzLk1vZGVsQmFja2VuZCIsIl9hdXRoX3VzZXJfaWQiOiIyIn0=", "expire_date": "2018-07-18T18:59:18.701Z"}}, {"model": "sessions.session", "pk": "9mzbdstnqqimnmk9jdkdo05vmv9324mi", "fields": {"session_data": "NzE0Y2ZhM2ExMjRiNjc2NzAyYTJiMjI2ZjgxMDAyMTM3NDNhYmU2Zjp7Il9hdXRoX3VzZXJfaGFzaCI6IjQyZGQ4M2QzMTdhODQ0ODdmOTA2MGUxYTM2MzQ3MTkxOTkzMDM0OWQiLCJfYXV0aF91c2VyX2JhY2tlbmQiOiJkamFuZ28uY29udHJpYi5hdXRoLmJhY2tlbmRzLk1vZGVsQmFja2VuZCIsIl9hdXRoX3VzZXJfaWQiOiI1In0=", "expire_date": "2018-08-13T16:33:06.482Z"}}, {"model": "sessions.session", "pk": "a8fkgtq821n4i7wbnas66jy7fr5s4zuq", "fields": {"session_data": "M2JjODRjMDI4YTQ1YjgzMzUyYmZhMGNiMTA5NGJmNTI4OTNjNWY5ZTp7Il9hdXRoX3VzZXJfaGFzaCI6IjgyMzQ5YTY5YjRkZTI1ZjA1OGExMmU4MDM3MmM1Y2YxNTcyNGE0MWIiLCJfYXV0aF91c2VyX2JhY2tlbmQiOiJkamFuZ28uY29udHJpYi5hdXRoLmJhY2tlbmRzLk1vZGVsQmFja2VuZCIsIl9hdXRoX3VzZXJfaWQiOiIxIn0=", "expire_date": "2018-06-20T17:39:56.608Z"}}, {"model": "sessions.session", "pk": "br7rmeo8pbxklfi6fkcls7o4wu6pinpn", "fields": {"session_data": "NzE0Y2ZhM2ExMjRiNjc2NzAyYTJiMjI2ZjgxMDAyMTM3NDNhYmU2Zjp7Il9hdXRoX3VzZXJfaGFzaCI6IjQyZGQ4M2QzMTdhODQ0ODdmOTA2MGUxYTM2MzQ3MTkxOTkzMDM0OWQiLCJfYXV0aF91c2VyX2JhY2tlbmQiOiJkamFuZ28uY29udHJpYi5hdXRoLmJhY2tlbmRzLk1vZGVsQmFja2VuZCIsIl9hdXRoX3VzZXJfaWQiOiI1In0=", "expire_date": "2018-06-22T04:53:54.619Z"}}, {"model": "sessions.session", "pk": "cdrmsmpm6iystxomrq9k3snxsvgcke9q", "fields": {"session_data": "M2JjODRjMDI4YTQ1YjgzMzUyYmZhMGNiMTA5NGJmNTI4OTNjNWY5ZTp7Il9hdXRoX3VzZXJfaGFzaCI6IjgyMzQ5YTY5YjRkZTI1ZjA1OGExMmU4MDM3MmM1Y2YxNTcyNGE0MWIiLCJfYXV0aF91c2VyX2JhY2tlbmQiOiJkamFuZ28uY29udHJpYi5hdXRoLmJhY2tlbmRzLk1vZGVsQmFja2VuZCIsIl9hdXRoX3VzZXJfaWQiOiIxIn0=", "expire_date": "2018-06-21T03:12:17.463Z"}}, {"model": "sessions.session", "pk": "e4rxl0plzuzb45fajcbd0yt3si8q7auy", "fields": {"session_data": "M2JjODRjMDI4YTQ1YjgzMzUyYmZhMGNiMTA5NGJmNTI4OTNjNWY5ZTp7Il9hdXRoX3VzZXJfaGFzaCI6IjgyMzQ5YTY5YjRkZTI1ZjA1OGExMmU4MDM3MmM1Y2YxNTcyNGE0MWIiLCJfYXV0aF91c2VyX2JhY2tlbmQiOiJkamFuZ28uY29udHJpYi5hdXRoLmJhY2tlbmRzLk1vZGVsQmFja2VuZCIsIl9hdXRoX3VzZXJfaWQiOiIxIn0=", "expire_date": "2018-07-25T03:15:49.174Z"}}, {"model": "sessions.session", "pk": "hs1lpw1o4f894mew7ady984nj61tyxk0", "fields": {"session_data": "M2JjODRjMDI4YTQ1YjgzMzUyYmZhMGNiMTA5NGJmNTI4OTNjNWY5ZTp7Il9hdXRoX3VzZXJfaGFzaCI6IjgyMzQ5YTY5YjRkZTI1ZjA1OGExMmU4MDM3MmM1Y2YxNTcyNGE0MWIiLCJfYXV0aF91c2VyX2JhY2tlbmQiOiJkamFuZ28uY29udHJpYi5hdXRoLmJhY2tlbmRzLk1vZGVsQmFja2VuZCIsIl9hdXRoX3VzZXJfaWQiOiIxIn0=", "expire_date": "2018-06-26T00:16:54.810Z"}}, {"model": "sessions.session", "pk": "ht1c9v0liqd4qs5oj0pgz9l5jz9w9hyg", "fields": {"session_data": "NzE0Y2ZhM2ExMjRiNjc2NzAyYTJiMjI2ZjgxMDAyMTM3NDNhYmU2Zjp7Il9hdXRoX3VzZXJfaGFzaCI6IjQyZGQ4M2QzMTdhODQ0ODdmOTA2MGUxYTM2MzQ3MTkxOTkzMDM0OWQiLCJfYXV0aF91c2VyX2JhY2tlbmQiOiJkamFuZ28uY29udHJpYi5hdXRoLmJhY2tlbmRzLk1vZGVsQmFja2VuZCIsIl9hdXRoX3VzZXJfaWQiOiI1In0=", "expire_date": "2018-08-14T15:54:39.143Z"}}, {"model": "sessions.session", "pk": "hyt4j9mw3rhgrmbddquyyyt49kho4b6q", "fields": {"session_data": "M2JjODRjMDI4YTQ1YjgzMzUyYmZhMGNiMTA5NGJmNTI4OTNjNWY5ZTp7Il9hdXRoX3VzZXJfaGFzaCI6IjgyMzQ5YTY5YjRkZTI1ZjA1OGExMmU4MDM3MmM1Y2YxNTcyNGE0MWIiLCJfYXV0aF91c2VyX2JhY2tlbmQiOiJkamFuZ28uY29udHJpYi5hdXRoLmJhY2tlbmRzLk1vZGVsQmFja2VuZCIsIl9hdXRoX3VzZXJfaWQiOiIxIn0=", "expire_date": "2018-06-20T02:18:19.153Z"}}, {"model": "sessions.session", "pk": "iejifjbhu2b281nf19k9wa373ua07h4e", "fields": {"session_data": "M2JjODRjMDI4YTQ1YjgzMzUyYmZhMGNiMTA5NGJmNTI4OTNjNWY5ZTp7Il9hdXRoX3VzZXJfaGFzaCI6IjgyMzQ5YTY5YjRkZTI1ZjA1OGExMmU4MDM3MmM1Y2YxNTcyNGE0MWIiLCJfYXV0aF91c2VyX2JhY2tlbmQiOiJkamFuZ28uY29udHJpYi5hdXRoLmJhY2tlbmRzLk1vZGVsQmFja2VuZCIsIl9hdXRoX3VzZXJfaWQiOiIxIn0=", "expire_date": "2018-07-17T16:35:59.169Z"}}, {"model": "sessions.session", "pk": "ipyaxvtjnqw8dgiu5f509dbbkdnvqlo8", "fields": {"session_data": "M2JjODRjMDI4YTQ1YjgzMzUyYmZhMGNiMTA5NGJmNTI4OTNjNWY5ZTp7Il9hdXRoX3VzZXJfaGFzaCI6IjgyMzQ5YTY5YjRkZTI1ZjA1OGExMmU4MDM3MmM1Y2YxNTcyNGE0MWIiLCJfYXV0aF91c2VyX2JhY2tlbmQiOiJkamFuZ28uY29udHJpYi5hdXRoLmJhY2tlbmRzLk1vZGVsQmFja2VuZCIsIl9hdXRoX3VzZXJfaWQiOiIxIn0=", "expire_date": "2018-06-25T16:53:47.247Z"}}, {"model": "sessions.session", "pk": "kltdrsa3jc0xzemtd9l8u873e2dwpru2", "fields": {"session_data": "NTU0YTZkMjVkZTY5NzZlNzVlODAwMzY5ZTVmMzNkYzFiMmE0ZGYyOTp7Il9hdXRoX3VzZXJfaGFzaCI6IjAwZDM4MzYzOTYwZmQzZjFiMWNlMWI0MTBjOGE1ODc3Y2QxNzNiOGEiLCJfYXV0aF91c2VyX2JhY2tlbmQiOiJkamFuZ28uY29udHJpYi5hdXRoLmJhY2tlbmRzLk1vZGVsQmFja2VuZCIsIl9hdXRoX3VzZXJfaWQiOiI0In0=", "expire_date": "2018-08-14T15:53:44.011Z"}}, {"model": "sessions.session", "pk": "lfbfztofhyt321fm6ekar6o88gtwwjj7", "fields": {"session_data": "M2JjODRjMDI4YTQ1YjgzMzUyYmZhMGNiMTA5NGJmNTI4OTNjNWY5ZTp7Il9hdXRoX3VzZXJfaGFzaCI6IjgyMzQ5YTY5YjRkZTI1ZjA1OGExMmU4MDM3MmM1Y2YxNTcyNGE0MWIiLCJfYXV0aF91c2VyX2JhY2tlbmQiOiJkamFuZ28uY29udHJpYi5hdXRoLmJhY2tlbmRzLk1vZGVsQmFja2VuZCIsIl9hdXRoX3VzZXJfaWQiOiIxIn0=", "expire_date": "2018-06-21T15:11:55.125Z"}}, {"model": "sessions.session", "pk": "lrrbfd328nvrbs594ltqewapjxe0lhjp", "fields": {"session_data": "M2JjODRjMDI4YTQ1YjgzMzUyYmZhMGNiMTA5NGJmNTI4OTNjNWY5ZTp7Il9hdXRoX3VzZXJfaGFzaCI6IjgyMzQ5YTY5YjRkZTI1ZjA1OGExMmU4MDM3MmM1Y2YxNTcyNGE0MWIiLCJfYXV0aF91c2VyX2JhY2tlbmQiOiJkamFuZ28uY29udHJpYi5hdXRoLmJhY2tlbmRzLk1vZGVsQmFja2VuZCIsIl9hdXRoX3VzZXJfaWQiOiIxIn0=", "expire_date": "2018-07-11T16:41:38.628Z"}}, {"model": "sessions.session", "pk": "nxrfg6dmf62bmda7hmhn39i3rxe9z18y", "fields": {"session_data": "YWU1MDg5OTg1ZGNhYzFmNWJmYTVkYTYyMzk3NTA1MDQxNzljNmFhODp7Il9hdXRoX3VzZXJfaGFzaCI6ImVmZGM3NjBiZTlmN2Y3ZTc3YTJiMGUxNTgwNDVhMGM1YTg3MGI5ZDUiLCJfYXV0aF91c2VyX2JhY2tlbmQiOiJkamFuZ28uY29udHJpYi5hdXRoLmJhY2tlbmRzLk1vZGVsQmFja2VuZCIsIl9hdXRoX3VzZXJfaWQiOiIyIn0=", "expire_date": "2018-07-06T15:13:30.313Z"}}, {"model": "sessions.session", "pk": "pf55nurunxkfs8oqnia32hle7429879x", "fields": {"session_data": "YWU1MDg5OTg1ZGNhYzFmNWJmYTVkYTYyMzk3NTA1MDQxNzljNmFhODp7Il9hdXRoX3VzZXJfaGFzaCI6ImVmZGM3NjBiZTlmN2Y3ZTc3YTJiMGUxNTgwNDVhMGM1YTg3MGI5ZDUiLCJfYXV0aF91c2VyX2JhY2tlbmQiOiJkamFuZ28uY29udHJpYi5hdXRoLmJhY2tlbmRzLk1vZGVsQmFja2VuZCIsIl9hdXRoX3VzZXJfaWQiOiIyIn0=", "expire_date": "2018-06-25T20:01:53.520Z"}}, {"model": "sessions.session", "pk": "r5eh0tdu4g75k09f0xm55xxzmmaylbck", "fields": {"session_data": "YzhjNDRlMjY3ODZkYzNiY2U1NjA5MDU1MmU1YzU4ZTEwNTU1YWMxYjp7Il9hdXRoX3VzZXJfaGFzaCI6IjI5NjlhNDY5OTI5ZjY3ZTRiY2U3ZGJkOTA3NjU5OGJhZGRlMWEwODQiLCJfYXV0aF91c2VyX2JhY2tlbmQiOiJkamFuZ28uY29udHJpYi5hdXRoLmJhY2tlbmRzLk1vZGVsQmFja2VuZCIsIl9hdXRoX3VzZXJfaWQiOiIzIn0=", "expire_date": "2018-07-18T18:40:45.973Z"}}, {"model": "sessions.session", "pk": "shfkywarow4b1y8htcvcdu35h3wg44vy", "fields": {"session_data": "M2JjODRjMDI4YTQ1YjgzMzUyYmZhMGNiMTA5NGJmNTI4OTNjNWY5ZTp7Il9hdXRoX3VzZXJfaGFzaCI6IjgyMzQ5YTY5YjRkZTI1ZjA1OGExMmU4MDM3MmM1Y2YxNTcyNGE0MWIiLCJfYXV0aF91c2VyX2JhY2tlbmQiOiJkamFuZ28uY29udHJpYi5hdXRoLmJhY2tlbmRzLk1vZGVsQmFja2VuZCIsIl9hdXRoX3VzZXJfaWQiOiIxIn0=", "expire_date": "2018-07-10T20:38:13.577Z"}}, {"model": "sessions.session", "pk": "tbsp1krd3chxmk07tzs6uy7wwm08b70c", "fields": {"session_data": "M2JjODRjMDI4YTQ1YjgzMzUyYmZhMGNiMTA5NGJmNTI4OTNjNWY5ZTp7Il9hdXRoX3VzZXJfaGFzaCI6IjgyMzQ5YTY5YjRkZTI1ZjA1OGExMmU4MDM3MmM1Y2YxNTcyNGE0MWIiLCJfYXV0aF91c2VyX2JhY2tlbmQiOiJkamFuZ28uY29udHJpYi5hdXRoLmJhY2tlbmRzLk1vZGVsQmFja2VuZCIsIl9hdXRoX3VzZXJfaWQiOiIxIn0=", "expire_date": "2018-06-21T16:22:19.427Z"}}, {"model": "sessions.session", "pk": "w76eqy3mmql7b4sqcladbtts53zvwugv", "fields": {"session_data": "OTdkNjM2ZWY1OWJiN2M0ZDA0MDU0ODRlODIwZDE0OTNiMzE5NWRhZDp7Il9hdXRoX3VzZXJfaGFzaCI6ImU5NzUyNzM3MDY0ZTQwODhjNTI2ODU5YmUxMDJjMTc1ZDIxMjBiMTciLCJfYXV0aF91c2VyX2JhY2tlbmQiOiJkamFuZ28uY29udHJpYi5hdXRoLmJhY2tlbmRzLk1vZGVsQmFja2VuZCIsIl9hdXRoX3VzZXJfaWQiOiI0In0=", "expire_date": "2018-08-22T17:12:06.105Z"}}, {"model": "sessions.session", "pk": "xdzd968gkejdg285ea2optqfro7t6hsn", "fields": {"session_data": "NTU0YTZkMjVkZTY5NzZlNzVlODAwMzY5ZTVmMzNkYzFiMmE0ZGYyOTp7Il9hdXRoX3VzZXJfaGFzaCI6IjAwZDM4MzYzOTYwZmQzZjFiMWNlMWI0MTBjOGE1ODc3Y2QxNzNiOGEiLCJfYXV0aF91c2VyX2JhY2tlbmQiOiJkamFuZ28uY29udHJpYi5hdXRoLmJhY2tlbmRzLk1vZGVsQmFja2VuZCIsIl9hdXRoX3VzZXJfaWQiOiI0In0=", "expire_date": "2018-06-25T02:39:32.210Z"}}, {"model": "sessions.session", "pk": "zau3xfuzsg7k9pq95ecjdv6v247gcmzi", "fields": {"session_data": "M2JjODRjMDI4YTQ1YjgzMzUyYmZhMGNiMTA5NGJmNTI4OTNjNWY5ZTp7Il9hdXRoX3VzZXJfaGFzaCI6IjgyMzQ5YTY5YjRkZTI1ZjA1OGExMmU4MDM3MmM1Y2YxNTcyNGE0MWIiLCJfYXV0aF91c2VyX2JhY2tlbmQiOiJkamFuZ28uY29udHJpYi5hdXRoLmJhY2tlbmRzLk1vZGVsQmFja2VuZCIsIl9hdXRoX3VzZXJfaWQiOiIxIn0=", "expire_date": "2018-07-18T16:22:56.885Z"}}, {"model": "sessions.session", "pk": "zkkj542sbr7jsjwwvy99beyeyhuidspb", "fields": {"session_data": "NzE0Y2ZhM2ExMjRiNjc2NzAyYTJiMjI2ZjgxMDAyMTM3NDNhYmU2Zjp7Il9hdXRoX3VzZXJfaGFzaCI6IjQyZGQ4M2QzMTdhODQ0ODdmOTA2MGUxYTM2MzQ3MTkxOTkzMDM0OWQiLCJfYXV0aF91c2VyX2JhY2tlbmQiOiJkamFuZ28uY29udHJpYi5hdXRoLmJhY2tlbmRzLk1vZGVsQmFja2VuZCIsIl9hdXRoX3VzZXJfaWQiOiI1In0=", "expire_date": "2018-06-26T00:23:56.944Z"}}, {"model": "ordermanager.poll", "pk": 10, "fields": {"question": "1", "answer": "1", "questionTwo": "1", "answerTwo": "1", "questionThree": "1", "answerThree": "1", "questionFour": "1", "answerFour": "1", "questionFive": "1", "answerFive": "1", "request_id": 34, "status": "2"}}, {"model": "ordermanager.poll", "pk": 11, "fields": {"question": "1", "answer": "1", "questionTwo": "1", "answerTwo": "1", "questionThree": "1", "answerThree": "1", "questionFour": "1", "answerFour": "1", "questionFive": "1", "answerFive": "1", "request_id": 35, "status": "2"}}, {"model": "ordermanager.poll", "pk": 12, "fields": {"question": "1", "answer": "1", "questionTwo": "1", "answerTwo": "1", "questionThree": "1", "answerThree": "1", "questionFour": "1", "answerFour": "1", "questionFive": "1", "answerFive": "1", "request_id": 36, "status": "2"}}, {"model": "ordermanager.poll", "pk": 13, "fields": {"question": "1", "answer": "1", "questionTwo": "1", "answerTwo": "1", "questionThree": "1", "answerThree": "1", "questionFour": "1", "answerFour": "1", "questionFive": "1", "answerFive": "4", "request_id": 37, "status": "2"}}, {"model": "ordermanager.poll", "pk": 14, "fields": {"question": "1", "answer": "1", "questionTwo": "1", "answerTwo": "1", "questionThree": "1", "answerThree": "1", "questionFour": "1", "answerFour": "1", "questionFive": "1", "answerFive": "1", "request_id": 38, "status": "2"}}, {"model": "ordermanager.poll", "pk": 15, "fields": {"question": "1", "answer": "1", "questionTwo": "1", "answerTwo": "1", "questionThree": "1", "answerThree": "1", "questionFour": "1", "answerFour": "1", "questionFive": "1", "answerFive": "1", "request_id": 39, "status": "2"}}, {"model": "ordermanager.poll", "pk": 16, "fields": {"question": "1", "answer": "4", "questionTwo": "1", "answerTwo": "2", "questionThree": "1", "answerThree": "2", "questionFour": "1", "answerFour": "3", "questionFive": "1", "answerFive": "3", "request_id": 40, "status": "2"}}, {"model": "ordermanager.poll", "pk": 17, "fields": {"question": "1", "answer": "1", "questionTwo": "1", "answerTwo": "1", "questionThree": "1", "answerThree": "1", "questionFour": "1", "answerFour": "1", "questionFive": "1", "answerFive": "1", "request_id": 41, "status": "2"}}, {"model": "ordermanager.poll", "pk": 18, "fields": {"question": "1", "answer": "1", "questionTwo": "1", "answerTwo": "1", "questionThree": "1", "answerThree": "1", "questionFour": "1", "answerFour": "1", "questionFive": "1", "answerFive": "1", "request_id": 42, "status": "2"}}, {"model": "ordermanager.poll", "pk": 19, "fields": {"question": "1", "answer": "1", "questionTwo": "1", "answerTwo": "2", "questionThree": "1", "answerThree": "3", "questionFour": "1", "answerFour": "2", "questionFive": "1", "answerFive": "3", "request_id": 43, "status": "2"}}, {"model": "ordermanager.poll", "pk": 20, "fields": {"question": "1", "answer": "1", "questionTwo": "1", "answerTwo": "1", "questionThree": "1", "answerThree": "1", "questionFour": "1", "answerFour": "1", "questionFive": "1", "answerFive": "1", "request_id": 44, "status": "1"}}, {"model": "ordermanager.poll", "pk": 21, "fields": {"question": "1", "answer": "1", "questionTwo": "1", "answerTwo": "1", "questionThree": "1", "answerThree": "1", "questionFour": "1", "answerFour": "1", "questionFive": "1", "answerFive": "1", "request_id": 45, "status": "1"}}, {"model": "ordermanager.poll", "pk": 22, "fields": {"question": "1", "answer": "2", "questionTwo": "1", "answerTwo": "3", "questionThree": "1", "answerThree": "2", "questionFour": "1", "answerFour": "3", "questionFive": "1", "answerFive": "3", "request_id": 46, "status": "2"}}, {"model": "ordermanager.poll", "pk": 23, "fields": {"question": "1", "answer": "1", "questionTwo": "1", "answerTwo": "1", "questionThree": "1", "answerThree": "1", "questionFour": "1", "answerFour": "1", "questionFive": "1", "answerFive": "1", "request_id": 47, "status": "1"}}, {"model": "ordermanager.poll", "pk": 24, "fields": {"question": "1", "answer": "1", "questionTwo": "1", "answerTwo": "2", "questionThree": "1", "answerThree": "2", "questionFour": "1", "answerFour": "1", "questionFive": "1", "answerFive": "1", "request_id": 48, "status": "2"}}, {"model": "ordermanager.poll", "pk": 25, "fields": {"question": "1", "answer": "1", "questionTwo": "1", "answerTwo": "1", "questionThree": "1", "answerThree": "1", "questionFour": "1", "answerFour": "1", "questionFive": "1", "answerFive": "1", "request_id": 49, "status": "2"}}, {"model": "ordermanager.poll", "pk": 26, "fields": {"question": "1", "answer": "1", "questionTwo": "1", "answerTwo": "1", "questionThree": "1", "answerThree": "1", "questionFour": "1", "answerFour": "1", "questionFive": "1", "answerFive": "1", "request_id": 50, "status": "2"}}, {"model": "ordermanager.poll", "pk": 27, "fields": {"question": "1", "answer": "1", "questionTwo": "1", "answerTwo": "1", "questionThree": "1", "answerThree": "1", "questionFour": "1", "answerFour": "1", "questionFive": "1", "answerFive": "1", "request_id": 51, "status": "2"}}, {"model": "ordermanager.poll", "pk": 28, "fields": {"question": "1", "answer": "1", "questionTwo": "1", "answerTwo": "1", "questionThree": "1", "answerThree": "1", "questionFour": "1", "answerFour": "1", "questionFive": "1", "answerFive": "1", "request_id": 52, "status": "1"}}, {"model": "ordermanager.poll", "pk": 29, "fields": {"question": "1", "answer": "1", "questionTwo": "1", "answerTwo": "1", "questionThree": "1", "answerThree": "1", "questionFour": "1", "answerFour": "1", "questionFive": "1", "answerFive": "1", "request_id": 53, "status": "1"}}, {"model": "ordermanager.poll", "pk": 30, "fields": {"question": "1", "answer": "1", "questionTwo": "1", "answerTwo": "1", "questionThree": "1", "answerThree": "1", "questionFour": "1", "answerFour": "1", "questionFive": "1", "answerFive": "1", "request_id": 54, "status": "1"}}, {"model": "ordermanager.poll", "pk": 31, "fields": {"question": "1", "answer": "1", "questionTwo": "1", "answerTwo": "1", "questionThree": "1", "answerThree": "1", "questionFour": "1", "answerFour": "1", "questionFive": "1", "answerFive": "1", "request_id": 55, "status": "2"}}, {"model": "ordermanager.poll", "pk": 32, "fields": {"question": "1", "answer": "1", "questionTwo": "1", "answerTwo": "1", "questionThree": "1", "answerThree": "1", "questionFour": "1", "answerFour": "1", "questionFive": "1", "answerFive": "1", "request_id": 56, "status": "2"}}, {"model": "ordermanager.poll", "pk": 33, "fields": {"question": "1", "answer": "1", "questionTwo": "1", "answerTwo": "1", "questionThree": "1", "answerThree": "1", "questionFour": "1", "answerFour": "1", "questionFive": "1", "answerFive": "1", "request_id": 57, "status": "1"}}, {"model": "ordermanager.poll", "pk": 34, "fields": {"question": "1", "answer": "1", "questionTwo": "1", "answerTwo": "1", "questionThree": "1", "answerThree": "1", "questionFour": "1", "answerFour": "1", "questionFive": "1", "answerFive": "1", "request_id": 58, "status": "1"}}, {"model": "ordermanager.poll", "pk": 35, "fields": {"question": "1", "answer": "1", "questionTwo": "1", "answerTwo": "1", "questionThree": "1", "answerThree": "1", "questionFour": "1", "answerFour": "1", "questionFive": "1", "answerFive": "1", "request_id": 59, "status": "2"}}, {"model": "ordermanager.poll", "pk": 36, "fields": {"question": "1", "answer": "1", "questionTwo": "1", "answerTwo": "1", "questionThree": "1", "answerThree": "1", "questionFour": "1", "answerFour": "1", "questionFive": "1", "answerFive": "1", "request_id": 60, "status": "2"}}, {"model": "ordermanager.activity", "pk": 1, "fields": {"tittle": "Guided visit to the Cbtis students", "description": "There will be a guided visit to the students, the purpose of this is to promote the different careers and give rise to the university.", "date_request": "2018-06-06T17:31:31.257Z", "date_event": "2018-08-18T03:43:03Z"}}, {"model": "ordermanager.activity", "pk": 2, "fields": {"tittle": "ZumoBot", "description": "The day 07/22/2018 is going to be a Zumobot competition involving students of mechatronics and industrial maintenance against the different universities who will be attending.", "date_request": "2018-06-06T17:31:31.257Z", "date_event": "2018-06-09T03:19:55Z"}}, {"model": "ordermanager.activity", "pk": 3, "fields": {"tittle": "CONVENTIONS / EXHIBITIONS", "description": "While some public events are also fairs and festivals, not all fairs and festivals are public events.  When a convention, exhibition, fair, or festival is aimed at consumers rather than trade, such as", "date_request": "2018-06-06T17:31:31.257Z", "date_event": "2018-09-08T03:20:05Z"}}, {"model": "ordermanager.activity", "pk": 4, "fields": {"tittle": "LOCAL EVENTS", "description": "At a local level, there are also many different types of sporting events, such as boat races, rodeos, bike rides, marathons, and equestrian events, all of which come under the umbrella of special even", "date_request": "2018-06-06T17:31:31.257Z", "date_event": "2018-09-13T19:13:31Z"}}, {"model": "auth.permission", "pk": 1, "fields": {"name": "Can add log entry", "content_type": 1, "codename": "add_logentry"}}, {"model": "auth.permission", "pk": 2, "fields": {"name": "Can change log entry", "content_type": 1, "codename": "change_logentry"}}, {"model": "auth.permission", "pk": 3, "fields": {"name": "Can delete log entry", "content_type": 1, "codename": "delete_logentry"}}, {"model": "auth.permission", "pk": 4, "fields": {"name": "Can add group", "content_type": 2, "codename": "add_group"}}, {"model": "auth.permission", "pk": 5, "fields": {"name": "Can change group", "content_type": 2, "codename": "change_group"}}, {"model": "auth.permission", "pk": 6, "fields": {"name": "Can delete group", "content_type": 2, "codename": "delete_group"}}, {"model": "auth.permission", "pk": 7, "fields": {"name": "Can add permission", "content_type": 3, "codename": "add_permission"}}, {"model": "auth.permission", "pk": 8, "fields": {"name": "Can change permission", "content_type": 3, "codename": "change_permission"}}, {"model": "auth.permission", "pk": 9, "fields": {"name": "Can delete permission", "content_type": 3, "codename": "delete_permission"}}, {"model": "auth.permission", "pk": 10, "fields": {"name": "Can add user", "content_type": 4, "codename": "add_user"}}, {"model": "auth.permission", "pk": 11, "fields": {"name": "Can change user", "content_type": 4, "codename": "change_user"}}, {"model": "auth.permission", "pk": 12, "fields": {"name": "Can delete user", "content_type": 4, "codename": "delete_user"}}, {"model": "auth.permission", "pk": 13, "fields": {"name": "Can add content type", "content_type": 5, "codename": "add_contenttype"}}, {"model": "auth.permission", "pk": 14, "fields": {"name": "Can change content type", "content_type": 5, "codename": "change_contenttype"}}, {"model": "auth.permission", "pk": 15, "fields": {"name": "Can delete content type", "content_type": 5, "codename": "delete_contenttype"}}, {"model": "auth.permission", "pk": 16, "fields": {"name": "Can add session", "content_type": 6, "codename": "add_session"}}, {"model": "auth.permission", "pk": 17, "fields": {"name": "Can change session", "content_type": 6, "codename": "change_session"}}, {"model": "auth.permission", "pk": 18, "fields": {"name": "Can delete session", "content_type": 6, "codename": "delete_session"}}, {"model": "auth.permission", "pk": 19, "fields": {"name": "Can add request", "content_type": 7, "codename": "add_request"}}, {"model": "auth.permission", "pk": 20, "fields": {"name": "Can change request", "content_type": 7, "codename": "change_request"}}, {"model": "auth.permission", "pk": 21, "fields": {"name": "Can delete request", "content_type": 7, "codename": "delete_request"}}, {"model": "auth.permission", "pk": 22, "fields": {"name": "Can add equipment", "content_type": 8, "codename": "add_equipment"}}, {"model": "auth.permission", "pk": 23, "fields": {"name": "Can change equipment", "content_type": 8, "codename": "change_equipment"}}, {"model": "auth.permission", "pk": 24, "fields": {"name": "Can delete equipment", "content_type": 8, "codename": "delete_equipment"}}, {"model": "auth.permission", "pk": 25, "fields": {"name": "Can add question", "content_type": 9, "codename": "add_question"}}, {"model": "auth.permission", "pk": 26, "fields": {"name": "Can change question", "content_type": 9, "codename": "change_question"}}, {"model": "auth.permission", "pk": 27, "fields": {"name": "Can delete question", "content_type": 9, "codename": "delete_question"}}, {"model": "auth.permission", "pk": 28, "fields": {"name": "Can add poll", "content_type": 9, "codename": "add_poll"}}, {"model": "auth.permission", "pk": 29, "fields": {"name": "Can change poll", "content_type": 9, "codename": "change_poll"}}, {"model": "auth.permission", "pk": 30, "fields": {"name": "Can delete poll", "content_type": 9, "codename": "delete_poll"}}, {"model": "auth.permission", "pk": 31, "fields": {"name": "Can add activity", "content_type": 10, "codename": "add_activity"}}, {"model": "auth.permission", "pk": 32, "fields": {"name": "Can change activity", "content_type": 10, "codename": "change_activity"}}, {"model": "auth.permission", "pk": 33, "fields": {"name": "Can delete activity", "content_type": 10, "codename": "delete_activity"}}, {"model": "auth.permission", "pk": 34, "fields": {"name": "Can add comment", "content_type": 11, "codename": "add_comment"}}, {"model": "auth.permission", "pk": 35, "fields": {"name": "Can change comment", "content_type": 11, "codename": "change_comment"}}, {"model": "auth.permission", "pk": 36, "fields": {"name": "Can delete comment", "content_type": 11, "codename": "delete_comment"}}, {"model": "auth.permission", "pk": 37, "fields": {"name": "Can add department", "content_type": 12, "codename": "add_department"}}, {"model": "auth.permission", "pk": 38, "fields": {"name": "Can change department", "content_type": 12, "codename": "change_department"}}, {"model": "auth.permission", "pk": 39, "fields": {"name": "Can delete department", "content_type": 12, "codename": "delete_department"}}, {"model": "auth.permission", "pk": 40, "fields": {"name": "Can add profile", "content_type": 13, "codename": "add_profile"}}, {"model": "auth.permission", "pk": 41, "fields": {"name": "Can change profile", "content_type": 13, "codename": "change_profile"}}, {"model": "auth.permission", "pk": 42, "fields": {"name": "Can delete profile", "content_type": 13, "codename": "delete_profile"}}, {"model": "auth.group", "pk": 1, "fields": {"name": "Manager", "permissions": [1, 2, 3, 4, 5, 6, 7, 8, 9, 10, 11, 12, 13, 14, 15, 31, 32, 33, 34, 35, 36, 22, 23, 24, 28, 25, 29, 26, 30, 27, 19, 20, 21, 16, 17, 18]}}, {"model": "auth.group", "pk": 2, "fields": {"name": "Technical", "permissions": [1, 2, 3, 7, 8, 9, 10, 11, 12, 13, 14, 15, 31, 32, 33, 34, 35, 36, 22, 23, 24, 28, 25, 29, 26, 30, 27, 20, 21, 16, 17, 18]}}, {"model": "auth.group", "pk": 3, "fields": {"name": "Director", "permissions": [31, 32, 33, 34, 35, 36, 22, 23, 24, 28, 25, 29, 26, 30, 27]}}, {"model": "auth.group", "pk": 4, "fields": {"name": "Subdirector", "permissions": [31, 32, 33, 34, 35, 36, 22, 23, 24]}}, {"model": "auth.group", "pk": 5, "fields": {"name": "User", "permissions": []}}, {"model": "auth.group", "pk": 6, "fields": {"name": "Rectoria", "permissions": [31, 32, 33, 34, 35, 36, 22, 23, 24, 28, 25, 29, 26, 30, 27]}}, {"model": "auth.user", "pk": 1, "fields": {"password": "pbkdf2_sha256$36000$OJfDwZniOWHq$t24gfFGpgcmN6vGDha9VKnvH6mZ/WBAHkjCUFe8faZQ=", "last_login": "2018-08-07T15:26:08.172Z", "is_superuser": true, "username": "carlositurrios", "first_name": "Carlos", "last_name": "Iturrios", "email": "c.iturriosalcaraz@gmail.com", "is_staff": true, "is_active": true, "date_joined": "2018-06-05T02:26:32Z", "groups": [1], "user_permissions": []}}, {"model": "auth.user", "pk": 2, "fields": {"password": "pbkdf2_sha256$36000$xVXxKOtl6jze$i3D5XD0/OotPY5j2xeaWMdXq0neeNfzq7Ncqli58fuU=", "last_login": "2018-07-30T16:28:13.794Z", "is_superuser": false, "username": "Heberasio123", "first_name": "Heber", "last_name": "Soto", "email": "", "is_staff": false, "is_active": true, "date_joined": "2018-06-06T00:04:40Z", "groups": [3], "user_permissions": []}}, {"model": "auth.user", "pk": 3, "fields": {"password": "pbkdf2_sha256$36000$fM2baZosLOrf$CwNxNIXaUwnUyS2zxKVvkN4qXZ4JI6lUud3VZQjGIO8=", "last_login": "2018-07-31T15:52:45.544Z", "is_superuser": false, "username": "pancho12", "first_name": "Francisco", "last_name": "Galvan", "email": "", "is_staff": false, "is_active": true, "date_joined": "2018-06-06T17:57:58Z", "groups": [5], "user_permissions": []}}, {"model": "auth.user", "pk": 4, "fields": {"password": "pbkdf2_sha256$36000$rDQmodhDPi4l$BZkQrRls9q3a6JGp6Q4H1n9RRZo1hdSWc25g6NcUNx4=", "last_login": "2018-08-08T17:12:06.081Z", "is_superuser": false, "username": "Rector", "first_name": "Raul", "last_name": "Gonzalez", "email": "raulgonzales@gmail.com", "is_staff": false, "is_active": true, "date_joined": "2018-06-08T03:47:10Z", "groups": [3], "user_permissions": []}}, {"model": "auth.user", "pk": 5, "fields": {"password": "pbkdf2_sha256$36000$QtHD3ov898CB$kTFgoJJQqp5hxXTfgQdTchNzA0K5cTP+mIQEWPGRUgc=", "last_login": "2018-07-31T15:54:39.118Z", "is_superuser": false, "username": "Angel14", "first_name": "Angel", "last_name": "Orozco", "email": "", "is_staff": false, "is_active": true, "date_joined": "2018-06-08T04:52:32Z", "groups": [5], "user_permissions": []}}, {"model": "ordermanager.equipment", "pk": 2, "fields": {"name": "Dell 20127", "location": "Supply stand 8 space 7", "responsible": 1, "image": "equipment_img/Computadora.png", "inventory_type": "1"}}, {"model": "ordermanager.request", "pk": 34, "fields": {"user": 1, "technical": null, "request_type": "1", "equipment_id": null, "status": "4", "comments": "no esta el equipo que requiero", "observations": "Se entrego el equipo", "date_request": "2018-06-12T00:19:03.330Z", "date_onprocess": "2018-06-14T19:10:36.592Z", "date_done": "2018-06-14T19:10:46.913Z", "date_cancel": null}}, {"model": "ordermanager.request", "pk": 35, "fields": {"user": 5, "technical": null, "request_type": "4", "equipment_id": null, "status": "4", "comments": "problemas", "observations": "aaa", "date_request": "2018-06-12T00:24:08.204Z", "date_onprocess": "2018-06-14T19:11:46.579Z", "date_done": "2018-06-14T19:11:49.441Z", "date_cancel": null}}, {"model": "ordermanager.request", "pk": 36, "fields": {"user": 2, "technical": null, "request_type": "1", "equipment_id": null, "status": "4", "comments": "no tengo equipo", "observations": "prueba", "date_request": "2018-06-12T00:37:56.891Z", "date_onprocess": "2018-06-14T19:16:53.868Z", "date_done": "2018-06-14T19:16:57.513Z", "date_cancel": null}}, {"model": "ordermanager.request", "pk": 37, "fields": {"user": 5, "technical": null, "request_type": "4", "equipment_id": null, "status": "4", "comments": "prueba", "observations": "prueba", "date_request": "2018-06-14T19:16:22.793Z", "date_onprocess": "2018-06-14T19:17:31.956Z", "date_done": "2018-06-14T19:17:37.119Z", "date_cancel": null}}, {"model": "ordermanager.request", "pk": 38, "fields": {"user": 5, "technical": 1, "request_type": "2", "equipment_id": null, "status": "4", "comments": "prueba", "observations": "prueba", "date_request": "2018-06-14T19:18:31.332Z", "date_onprocess": "2018-06-22T15:09:03.516Z", "date_done": "2018-06-22T15:09:07.954Z", "date_cancel": null}}, {"model": "ordermanager.request", "pk": 39, "fields": {"user": 1, "technical": null, "request_type": "3", "equipment_id": null, "status": "4", "comments": "Prueba", "observations": "prueba", "date_request": "2018-06-14T19:34:50.425Z", "date_onprocess": "2018-06-14T19:35:10.972Z", "date_done": "2018-06-14T19:35:16.421Z", "date_cancel": null}}, {"model": "ordermanager.request", "pk": 40, "fields": {"user": 1, "technical": null, "request_type": "3", "equipment_id": null, "status": "4", "comments": "Prueba", "observations": "ya lo instale", "date_request": "2018-06-21T03:00:37.453Z", "date_onprocess": "2018-06-21T03:01:27.728Z", "date_done": "2018-06-21T03:01:46.676Z", "date_cancel": null}}, {"model": "ordermanager.request", "pk": 41, "fields": {"user": 1, "technical": null, "request_type": "2", "equipment_id": null, "status": "4", "comments": "prueba", "observations": "prueba", "date_request": "2018-06-21T05:11:50.417Z", "date_onprocess": "2018-06-21T05:16:25.993Z", "date_done": "2018-06-21T05:16:33.965Z", "date_cancel": null}}, {"model": "ordermanager.request", "pk": 42, "fields": {"user": 1, "technical": 1, "request_type": "1", "equipment_id": null, "status": "4", "comments": "prueba", "observations": "aaaa", "date_request": "2018-06-21T05:20:14.332Z", "date_onprocess": "2018-06-21T16:05:49.389Z", "date_done": "2018-06-21T16:05:53.567Z", "date_cancel": null}}, {"model": "ordermanager.request", "pk": 43, "fields": {"user": 1, "technical": 1, "request_type": "4", "equipment_id": null, "status": "4", "comments": "aaaaaa", "observations": "prueba", "date_request": "2018-06-21T16:07:11.009Z", "date_onprocess": "2018-06-22T19:41:44.773Z", "date_done": "2018-06-22T19:41:50.364Z", "date_cancel": null}}, {"model": "ordermanager.request", "pk": 44, "fields": {"user": 2, "technical": 1, "request_type": "2", "equipment_id": null, "status": "3", "comments": "prueba", "observations": null, "date_request": "2018-06-22T15:13:43.733Z", "date_onprocess": "2018-06-22T19:58:30.931Z", "date_done": null, "date_cancel": null}}, {"model": "ordermanager.request", "pk": 45, "fields": {"user": 1, "technical": 1, "request_type": "1", "equipment_id": null, "status": "3", "comments": "ocupo un equipo", "observations": null, "date_request": "2018-06-22T19:44:41.365Z", "date_onprocess": "2018-06-22T19:47:27.464Z", "date_done": null, "date_cancel": null}}, {"model": "ordermanager.request", "pk": 46, "fields": {"user": 1, "technical": 1, "request_type": "2", "equipment_id": null, "status": "4", "comments": "nn", "observations": "Prueba", "date_request": "2018-06-22T19:57:44.164Z", "date_onprocess": "2018-06-23T18:27:00.147Z", "date_done": "2018-06-23T18:27:03.720Z", "date_cancel": null}}, {"model": "ordermanager.request", "pk": 47, "fields": {"user": 1, "technical": 1, "request_type": "4", "equipment_id": null, "status": "3", "comments": "pRueba", "observations": null, "date_request": "2018-06-26T20:46:52.511Z", "date_onprocess": "2018-06-26T20:47:37.311Z", "date_done": null, "date_cancel": null}}, {"model": "ordermanager.request", "pk": 48, "fields": {"user": 1, "technical": 1, "request_type": "2", "equipment_id": null, "status": "4", "comments": "prueba", "observations": "Listo Prueba", "date_request": "2018-06-27T17:01:12.882Z", "date_onprocess": "2018-07-03T18:21:01.453Z", "date_done": "2018-07-03T18:21:09.895Z", "date_cancel": null}}, {"model": "ordermanager.request", "pk": 49, "fields": {"user": 1, "technical": 1, "request_type": "5", "equipment_id": null, "status": "4", "comments": "Mi bocina no sirve", "observations": "Google", "date_request": "2018-07-03T18:22:01.279Z", "date_onprocess": "2018-07-04T15:14:47.590Z", "date_done": "2018-07-04T15:14:55.487Z", "date_cancel": null}}, {"model": "ordermanager.request", "pk": 50, "fields": {"user": 1, "technical": 1, "request_type": "6", "equipment_id": null, "status": "4", "comments": "i do not have equipment", "observations": "bgfds", "date_request": "2018-07-04T15:15:30.508Z", "date_onprocess": "2018-07-04T15:41:27.657Z", "date_done": "2018-07-04T15:41:34.387Z", "date_cancel": null}}, {"model": "ordermanager.request", "pk": 51, "fields": {"user": 1, "technical": 1, "request_type": "6", "equipment_id": null, "status": "4", "comments": "Necesito un templete", "observations": "aaaaaaa", "date_request": "2018-07-04T15:42:14.187Z", "date_onprocess": "2018-07-30T16:36:05.210Z", "date_done": "2018-07-30T16:37:27.745Z", "date_cancel": null}}, {"model": "ordermanager.request", "pk": 52, "fields": {"user": 3, "technical": 1, "request_type": "2", "equipment_id": null, "status": "4", "comments": "prueba", "observations": ".", "date_request": "2018-07-04T18:58:30.872Z", "date_onprocess": "2018-08-13T21:16:24.872Z", "date_done": "2018-08-13T21:16:28.493Z", "date_cancel": null}}, {"model": "ordermanager.request", "pk": 53, "fields": {"user": 2, "technical": 1, "request_type": "5", "equipment_id": null, "status": "2", "comments": "", "observations": null, "date_request": "2018-07-10T19:33:17.030Z", "date_onprocess": "2018-08-06T18:49:19.171Z", "date_done": null, "date_cancel": null}}, {"model": "ordermanager.request", "pk": 54, "fields": {"user": 5, "technical": 1, "request_type": "4", "equipment_id": null, "status": "4", "comments": "asdfghjk", "observations": "\u00f1", "date_request": "2018-07-30T16:34:16.851Z", "date_onprocess": "2018-08-03T14:34:42.314Z", "date_done": "2018-08-03T14:38:47.710Z", "date_cancel": null}}, {"model": "ordermanager.request", "pk": 55, "fields": {"user": 1, "technical": 1, "request_type": "2", "equipment_id": null, "status": "4", "comments": "", "observations": "aaaa", "date_request": "2018-08-03T14:30:19.800Z", "date_onprocess": "2018-08-03T14:33:04.381Z", "date_done": "2018-08-03T14:33:11.305Z", "date_cancel": null}}, {"model": "ordermanager.request", "pk": 56, "fields": {"user": 1, "technical": 1, "request_type": "1", "equipment_id": 2, "status": "4", "comments": "Desktop", "observations": "listo", "date_request": "2018-08-07T15:42:06.543Z", "date_onprocess": "2018-08-08T17:14:41.174Z", "date_done": "2018-08-08T17:14:48.859Z", "date_cancel": null}}, {"model": "ordermanager.request", "pk": 57, "fields": {"user": 4, "technical": 1, "request_type": "2", "equipment_id": null, "status": "4", "comments": "I need a new color", "observations": ".", "date_request": "2018-08-08T17:12:30.708Z", "date_onprocess": "2018-08-13T21:16:11.941Z", "date_done": "2018-08-13T21:16:18.467Z", "date_cancel": null}}, {"model": "ordermanager.request", "pk": 58, "fields": {"user": 1, "technical": 1, "request_type": "1", "equipment_id": 2, "status": "3", "comments": "problem", "observations": null, "date_request": "2018-08-13T21:12:23.373Z", "date_onprocess": "2018-08-13T21:13:02.543Z", "date_done": null, "date_cancel": null}}, {"model": "ordermanager.request", "pk": 59, "fields": {"user": 1, "technical": 1, "request_type": "1", "equipment_id": 2, "status": "4", "comments": "It does not function.", "observations": "submit", "date_request": "2018-08-13T21:15:04.185Z", "date_onprocess": "2018-08-13T21:18:15.966Z", "date_done": "2018-08-13T21:18:43.008Z", "date_cancel": null}}, {"model": "ordermanager.request", "pk": 60, "fields": {"user": 1, "technical": 1, "request_type": "1", "equipment_id": 2, "status": "4", "comments": "problem", "observations": "listo", "date_request": "2018-08-16T16:53:33.265Z", "date_onprocess": "2018-08-16T16:54:09.312Z", "date_done": "2018-08-16T16:54:13.786Z", "date_cancel": null}}, {"model": "ordermanager.comment", "pk": 10, "fields": {"comment": "asdfghjkl;", "user": 1, "date_request": "2018-06-07T15:50:25.862Z"}}, {"model": "ordermanager.comment", "pk": 11, "fields": {"comment": "mmm", "user": 1, "date_request": "2018-06-07T15:50:39.014Z"}}, {"model": "ordermanager.comment", "pk": 12, "fields": {"comment": "No me gusta como genero ordenes.", "user": 5, "date_request": "2018-06-11T17:06:48.209Z"}}, {"model": "ordermanager.comment", "pk": 13, "fields": {"comment": "prueba", "user": 5, "date_request": "2018-06-11T20:14:08.937Z"}}, {"model": "ordermanager.comment", "pk": 14, "fields": {"comment": "prueba", "user": 1, "date_request": "2018-06-14T19:14:09.092Z"}}, {"model": "ordermanager.comment", "pk": 15, "fields": {"comment": "Excelente sistema", "user": 4, "date_request": "2018-06-21T15:55:30.337Z"}}, {"model": "ordermanager.profile", "pk": 1, "fields": {"user": 1, "department": "2", "building": "3"}}, {"model": "ordermanager.profile", "pk": 2, "fields": {"user": 4, "department": "1", "building": "1"}}, {"model": "ordermanager.profile", "pk": 3, "fields": {"user": 2, "department": "3", "building": "1"}}, {"model": "ordermanager.profile", "pk": 4, "fields": {"user": 3, "department": "5", "building": "1"}}, {"model": "ordermanager.profile", "pk": 5, "fields": {"user": 5, "department": "3", "building": "1"}}, {"model": "admin.logentry", "pk": 1, "fields": {"action_time": "2018-06-05T04:16:41.205Z", "user": 1, "content_type": 8, "object_id": "1", "object_repr": "Equipment object", "action_flag": 1, "change_message": "[{\"added\": {}}]"}}, {"model": "admin.logentry", "pk": 2, "fields": {"action_time": "2018-06-05T04:20:19.575Z", "user": 1, "content_type": 7, "object_id": "1", "object_repr": "Request N: 1 Status: Pennding Request type:Maintenance of computer equipment", "action_flag": 1, "change_message": "[{\"added\": {}}]"}}, {"model": "admin.logentry", "pk": 3, "fields": {"action_time": "2018-06-05T04:21:02.160Z", "user": 1, "content_type": 9, "object_id": "1", "object_repr": "Poll of the request N: Request N: 1 Status: Pennding Request type: Maintenance of computer equipment ", "action_flag": 1, "change_message": "[{\"added\": {}}]"}}, {"model": "admin.logentry", "pk": 4, "fields": {"action_time": "2018-06-05T04:29:17.786Z", "user": 1, "content_type": 9, "object_id": "1", "object_repr": "Poll of the Request N: 1 Status: Pennding Request type: Maintenance of computer equipment ", "action_flag": 2, "change_message": "[]"}}, {"model": "admin.logentry", "pk": 5, "fields": {"action_time": "2018-06-05T19:48:52.253Z", "user": 1, "content_type": 4, "object_id": "1", "object_repr": "carlositurrios", "action_flag": 2, "change_message": "[{\"changed\": {\"fields\": [\"first_name\", \"last_name\"]}}]"}}, {"model": "admin.logentry", "pk": 6, "fields": {"action_time": "2018-06-06T00:04:40.888Z", "user": 1, "content_type": 4, "object_id": "2", "object_repr": "Heberasio123", "action_flag": 1, "change_message": "[{\"added\": {}}]"}}, {"model": "admin.logentry", "pk": 7, "fields": {"action_time": "2018-06-06T00:04:52.135Z", "user": 1, "content_type": 4, "object_id": "2", "object_repr": "Heberasio123", "action_flag": 2, "change_message": "[{\"changed\": {\"fields\": [\"first_name\", \"last_name\"]}}]"}}, {"model": "admin.logentry", "pk": 8, "fields": {"action_time": "2018-06-06T00:19:08.907Z", "user": 1, "content_type": 4, "object_id": "2", "object_repr": "Heberasio123", "action_flag": 2, "change_message": "[{\"changed\": {\"fields\": [\"password\"]}}]"}}, {"model": "admin.logentry", "pk": 9, "fields": {"action_time": "2018-06-06T03:33:40.764Z", "user": 1, "content_type": 7, "object_id": "2", "object_repr": "Request N: 2 Status: Pennding Request type: Audio", "action_flag": 1, "change_message": "[{\"added\": {}}]"}}, {"model": "admin.logentry", "pk": 10, "fields": {"action_time": "2018-06-06T03:33:58.742Z", "user": 1, "content_type": 7, "object_id": "3", "object_repr": "Request N: 3 Status: Pennding Request type: Audio", "action_flag": 1, "change_message": "[{\"added\": {}}]"}}, {"model": "admin.logentry", "pk": 11, "fields": {"action_time": "2018-06-06T03:34:14.439Z", "user": 1, "content_type": 7, "object_id": "3", "object_repr": "Request N: 3 Status: Pennding Request type: Events in general", "action_flag": 2, "change_message": "[{\"changed\": {\"fields\": [\"request_type\"]}}]"}}, {"model": "admin.logentry", "pk": 12, "fields": {"action_time": "2018-06-06T03:34:21.855Z", "user": 1, "content_type": 7, "object_id": "2", "object_repr": "Request N: 2 Status: Pennding Request type: Events in general", "action_flag": 2, "change_message": "[{\"changed\": {\"fields\": [\"request_type\"]}}]"}}, {"model": "admin.logentry", "pk": 13, "fields": {"action_time": "2018-06-06T03:34:36.359Z", "user": 1, "content_type": 7, "object_id": "3", "object_repr": "Request N: 3 Status: Pennding Request type: Events in general", "action_flag": 2, "change_message": "[]"}}, {"model": "admin.logentry", "pk": 14, "fields": {"action_time": "2018-06-06T03:34:44.711Z", "user": 1, "content_type": 7, "object_id": "2", "object_repr": "Request N: 2 Status: Pennding Request type: Software configuration", "action_flag": 2, "change_message": "[{\"changed\": {\"fields\": [\"request_type\"]}}]"}}, {"model": "admin.logentry", "pk": 15, "fields": {"action_time": "2018-06-06T03:34:52.862Z", "user": 1, "content_type": 7, "object_id": "3", "object_repr": "Request N: 3 Status: Pennding Request type: Events in general", "action_flag": 2, "change_message": "[]"}}, {"model": "admin.logentry", "pk": 16, "fields": {"action_time": "2018-06-06T03:35:01.374Z", "user": 1, "content_type": 7, "object_id": "3", "object_repr": "Request N: 3 Status: Pennding Request type: Events in general", "action_flag": 2, "change_message": "[]"}}, {"model": "admin.logentry", "pk": 17, "fields": {"action_time": "2018-06-06T03:35:06.888Z", "user": 1, "content_type": 7, "object_id": "3", "object_repr": "Request N: 3 Status: Pennding Request type: Maintenance of computer equipment", "action_flag": 2, "change_message": "[{\"changed\": {\"fields\": [\"request_type\"]}}]"}}, {"model": "admin.logentry", "pk": 18, "fields": {"action_time": "2018-06-06T03:35:13.469Z", "user": 1, "content_type": 7, "object_id": "3", "object_repr": "Request N: 3 Status: Pennding Request type: Audio", "action_flag": 2, "change_message": "[{\"changed\": {\"fields\": [\"request_type\"]}}]"}}, {"model": "admin.logentry", "pk": 19, "fields": {"action_time": "2018-06-06T03:35:19.301Z", "user": 1, "content_type": 7, "object_id": "3", "object_repr": "Request N: 3 Status: Pennding Request type: Audio", "action_flag": 2, "change_message": "[]"}}, {"model": "admin.logentry", "pk": 20, "fields": {"action_time": "2018-06-06T03:35:26.275Z", "user": 1, "content_type": 7, "object_id": "3", "object_repr": "Request N: 3 Status: Pennding Request type: Software configuration", "action_flag": 2, "change_message": "[{\"changed\": {\"fields\": [\"request_type\"]}}]"}}, {"model": "admin.logentry", "pk": 21, "fields": {"action_time": "2018-06-06T03:35:34.251Z", "user": 1, "content_type": 7, "object_id": "2", "object_repr": "Request N: 2 Status: Pennding Request type: Events in general", "action_flag": 2, "change_message": "[{\"changed\": {\"fields\": [\"request_type\"]}}]"}}, {"model": "admin.logentry", "pk": 22, "fields": {"action_time": "2018-06-06T03:35:53.678Z", "user": 1, "content_type": 7, "object_id": "1", "object_repr": "Request N: 1 Status: on process Request type: Maintenance of computer equipment", "action_flag": 2, "change_message": "[{\"changed\": {\"fields\": [\"status\"]}}]"}}, {"model": "admin.logentry", "pk": 23, "fields": {"action_time": "2018-06-06T03:36:19.909Z", "user": 1, "content_type": 7, "object_id": "2", "object_repr": "Request N: 2 Status: Canceled Request type: Events in general", "action_flag": 2, "change_message": "[{\"changed\": {\"fields\": [\"status\"]}}]"}}, {"model": "admin.logentry", "pk": 24, "fields": {"action_time": "2018-06-06T03:36:38.786Z", "user": 1, "content_type": 7, "object_id": "4", "object_repr": "Request N: 4 Status: Pennding Request type: Events in general", "action_flag": 1, "change_message": "[{\"added\": {}}]"}}, {"model": "admin.logentry", "pk": 25, "fields": {"action_time": "2018-06-06T03:36:51.389Z", "user": 1, "content_type": 7, "object_id": "4", "object_repr": "Request N: 4 Status: Done Request type: Events in general", "action_flag": 2, "change_message": "[{\"changed\": {\"fields\": [\"status\"]}}]"}}, {"model": "admin.logentry", "pk": 26, "fields": {"action_time": "2018-06-06T03:37:27.354Z", "user": 1, "content_type": 7, "object_id": "5", "object_repr": "Request N: 5 Status: Canceled Request type: Audio", "action_flag": 1, "change_message": "[{\"added\": {}}]"}}, {"model": "admin.logentry", "pk": 27, "fields": {"action_time": "2018-06-06T03:39:19.426Z", "user": 1, "content_type": 7, "object_id": "6", "object_repr": "Request N: 6 Status: Pennding Request type: Software configuration", "action_flag": 1, "change_message": "[{\"added\": {}}]"}}, {"model": "admin.logentry", "pk": 28, "fields": {"action_time": "2018-06-06T04:01:18.414Z", "user": 1, "content_type": 10, "object_id": "1", "object_repr": "Tittle: Guided visit to the Cbtis students ", "action_flag": 1, "change_message": "[{\"added\": {}}]"}}, {"model": "admin.logentry", "pk": 29, "fields": {"action_time": "2018-06-06T04:03:51.929Z", "user": 1, "content_type": 10, "object_id": "2", "object_repr": "Tittle: ZumoBot ", "action_flag": 1, "change_message": "[{\"added\": {}}]"}}, {"model": "admin.logentry", "pk": 30, "fields": {"action_time": "2018-06-06T04:04:26.374Z", "user": 1, "content_type": 10, "object_id": "1", "object_repr": "Tittle: Guided visit to the Cbtis students ", "action_flag": 2, "change_message": "[{\"changed\": {\"fields\": [\"description\"]}}]"}}, {"model": "admin.logentry", "pk": 31, "fields": {"action_time": "2018-06-06T04:04:50.289Z", "user": 1, "content_type": 11, "object_id": "1", "object_repr": "Comment by: Heberasio123 ", "action_flag": 1, "change_message": "[{\"added\": {}}]"}}, {"model": "admin.logentry", "pk": 32, "fields": {"action_time": "2018-06-06T04:05:14.167Z", "user": 1, "content_type": 11, "object_id": "2", "object_repr": "Comment by: Heberasio123 ", "action_flag": 1, "change_message": "[{\"added\": {}}]"}}, {"model": "admin.logentry", "pk": 33, "fields": {"action_time": "2018-06-06T04:18:48.117Z", "user": 1, "content_type": 11, "object_id": "3", "object_repr": "Comment by: carlositurrios ", "action_flag": 1, "change_message": "[{\"added\": {}}]"}}, {"model": "admin.logentry", "pk": 34, "fields": {"action_time": "2018-06-06T04:19:42.652Z", "user": 1, "content_type": 10, "object_id": "3", "object_repr": "Tittle: Pisteada el sabado!!! ", "action_flag": 1, "change_message": "[{\"added\": {}}]"}}, {"model": "admin.logentry", "pk": 35, "fields": {"action_time": "2018-06-06T04:21:54.134Z", "user": 1, "content_type": 10, "object_id": "4", "object_repr": "Tittle: vamos a ganar en flex! ", "action_flag": 1, "change_message": "[{\"added\": {}}]"}}, {"model": "admin.logentry", "pk": 36, "fields": {"action_time": "2018-06-06T06:35:52.303Z", "user": 1, "content_type": 7, "object_id": "1", "object_repr": "Request N: 1 Status: Done Request type: Maintenance of computer equipment", "action_flag": 2, "change_message": "[{\"changed\": {\"fields\": [\"status\", \"comments\", \"observations\"]}}]"}}, {"model": "admin.logentry", "pk": 37, "fields": {"action_time": "2018-06-06T06:36:11.595Z", "user": 1, "content_type": 7, "object_id": "1", "object_repr": "Request N: 1 Status: on process Request type: Maintenance of computer equipment", "action_flag": 2, "change_message": "[{\"changed\": {\"fields\": [\"status\"]}}]"}}, {"model": "admin.logentry", "pk": 38, "fields": {"action_time": "2018-06-06T06:36:58.704Z", "user": 1, "content_type": 7, "object_id": "1", "object_repr": "Request N: 1 Status: Done Request type: Maintenance of computer equipment", "action_flag": 2, "change_message": "[{\"changed\": {\"fields\": [\"status\"]}}]"}}, {"model": "admin.logentry", "pk": 39, "fields": {"action_time": "2018-06-06T06:37:10.190Z", "user": 1, "content_type": 7, "object_id": "1", "object_repr": "Request N: 1 Status: on process Request type: Maintenance of computer equipment", "action_flag": 2, "change_message": "[{\"changed\": {\"fields\": [\"status\"]}}]"}}, {"model": "admin.logentry", "pk": 40, "fields": {"action_time": "2018-06-06T16:55:38.112Z", "user": 1, "content_type": 10, "object_id": "3", "object_repr": "Tittle: CONVENTIONS / EXHIBITIONS ", "action_flag": 2, "change_message": "[{\"changed\": {\"fields\": [\"tittle\", \"description\"]}}]"}}, {"model": "admin.logentry", "pk": 41, "fields": {"action_time": "2018-06-06T16:56:03.633Z", "user": 1, "content_type": 10, "object_id": "4", "object_repr": "Tittle: LOCAL EVENTS ", "action_flag": 2, "change_message": "[{\"changed\": {\"fields\": [\"tittle\", \"description\"]}}]"}}, {"model": "admin.logentry", "pk": 42, "fields": {"action_time": "2018-06-06T17:18:04.838Z", "user": 1, "content_type": 11, "object_id": "4", "object_repr": "Comment by: carlositurrios ", "action_flag": 3, "change_message": ""}}, {"model": "admin.logentry", "pk": 43, "fields": {"action_time": "2018-06-06T17:55:14.527Z", "user": 1, "content_type": 9, "object_id": "2", "object_repr": "Poll of the Request N: 11 Status: Pennding Request type: Events in general ", "action_flag": 1, "change_message": "[{\"added\": {}}]"}}, {"model": "admin.logentry", "pk": 44, "fields": {"action_time": "2018-06-06T17:57:58.993Z", "user": 1, "content_type": 4, "object_id": "3", "object_repr": "pancho12", "action_flag": 1, "change_message": "[{\"added\": {}}]"}}, {"model": "admin.logentry", "pk": 45, "fields": {"action_time": "2018-06-07T03:19:41.187Z", "user": 1, "content_type": 10, "object_id": "1", "object_repr": "Tittle: Guided visit to the Cbtis students ", "action_flag": 2, "change_message": "[{\"changed\": {\"fields\": [\"date_event\"]}}]"}}, {"model": "admin.logentry", "pk": 46, "fields": {"action_time": "2018-06-07T03:19:48.488Z", "user": 1, "content_type": 10, "object_id": "4", "object_repr": "Tittle: LOCAL EVENTS ", "action_flag": 2, "change_message": "[{\"changed\": {\"fields\": [\"date_event\"]}}]"}}, {"model": "admin.logentry", "pk": 47, "fields": {"action_time": "2018-06-07T03:19:52.647Z", "user": 1, "content_type": 10, "object_id": "2", "object_repr": "Tittle: ZumoBot ", "action_flag": 2, "change_message": "[]"}}, {"model": "admin.logentry", "pk": 48, "fields": {"action_time": "2018-06-07T03:19:57.226Z", "user": 1, "content_type": 10, "object_id": "2", "object_repr": "Tittle: ZumoBot ", "action_flag": 2, "change_message": "[{\"changed\": {\"fields\": [\"date_event\"]}}]"}}, {"model": "admin.logentry", "pk": 49, "fields": {"action_time": "2018-06-07T03:20:07.015Z", "user": 1, "content_type": 10, "object_id": "3", "object_repr": "Tittle: CONVENTIONS / EXHIBITIONS ", "action_flag": 2, "change_message": "[{\"changed\": {\"fields\": [\"date_event\"]}}]"}}, {"model": "admin.logentry", "pk": 50, "fields": {"action_time": "2018-06-07T03:32:43.613Z", "user": 1, "content_type": 10, "object_id": "1", "object_repr": "Tittle: Guided visit to the Cbtis students ", "action_flag": 2, "change_message": "[{\"changed\": {\"fields\": [\"date_event\"]}}]"}}, {"model": "admin.logentry", "pk": 51, "fields": {"action_time": "2018-06-07T03:32:56.601Z", "user": 1, "content_type": 10, "object_id": "2", "object_repr": "Tittle: ZumoBot ", "action_flag": 2, "change_message": "[{\"changed\": {\"fields\": [\"date_event\"]}}]"}}, {"model": "admin.logentry", "pk": 52, "fields": {"action_time": "2018-06-07T03:41:42.581Z", "user": 1, "content_type": 10, "object_id": "4", "object_repr": "Tittle: LOCAL EVENTS ", "action_flag": 2, "change_message": "[{\"changed\": {\"fields\": [\"date_event\"]}}]"}}, {"model": "admin.logentry", "pk": 53, "fields": {"action_time": "2018-06-07T03:41:53.004Z", "user": 1, "content_type": 10, "object_id": "4", "object_repr": "Tittle: LOCAL EVENTS ", "action_flag": 2, "change_message": "[{\"changed\": {\"fields\": [\"date_event\"]}}]"}}, {"model": "admin.logentry", "pk": 54, "fields": {"action_time": "2018-06-07T03:42:10.514Z", "user": 1, "content_type": 10, "object_id": "3", "object_repr": "Tittle: CONVENTIONS / EXHIBITIONS ", "action_flag": 2, "change_message": "[{\"changed\": {\"fields\": [\"date_event\"]}}]"}}, {"model": "admin.logentry", "pk": 55, "fields": {"action_time": "2018-06-07T03:43:04.971Z", "user": 1, "content_type": 10, "object_id": "1", "object_repr": "Tittle: Guided visit to the Cbtis students ", "action_flag": 2, "change_message": "[{\"changed\": {\"fields\": [\"date_event\"]}}]"}}, {"model": "admin.logentry", "pk": 56, "fields": {"action_time": "2018-06-07T03:49:33.081Z", "user": 1, "content_type": 10, "object_id": "4", "object_repr": "Tittle: LOCAL EVENTS ", "action_flag": 2, "change_message": "[{\"changed\": {\"fields\": [\"date_event\"]}}]"}}, {"model": "admin.logentry", "pk": 57, "fields": {"action_time": "2018-06-07T03:50:01.354Z", "user": 1, "content_type": 10, "object_id": "4", "object_repr": "Tittle: LOCAL EVENTS ", "action_flag": 2, "change_message": "[{\"changed\": {\"fields\": [\"date_event\"]}}]"}}, {"model": "admin.logentry", "pk": 58, "fields": {"action_time": "2018-06-07T03:58:50.928Z", "user": 1, "content_type": 11, "object_id": "8", "object_repr": "Comment by: pancho12 ", "action_flag": 1, "change_message": "[{\"added\": {}}]"}}, {"model": "admin.logentry", "pk": 59, "fields": {"action_time": "2018-06-07T03:59:47.989Z", "user": 1, "content_type": 11, "object_id": "8", "object_repr": "Comment by: pancho12 ", "action_flag": 3, "change_message": ""}}, {"model": "admin.logentry", "pk": 60, "fields": {"action_time": "2018-06-07T03:59:48.143Z", "user": 1, "content_type": 11, "object_id": "7", "object_repr": "Comment by: carlositurrios ", "action_flag": 3, "change_message": ""}}, {"model": "admin.logentry", "pk": 61, "fields": {"action_time": "2018-06-07T03:59:48.335Z", "user": 1, "content_type": 11, "object_id": "6", "object_repr": "Comment by: carlositurrios ", "action_flag": 3, "change_message": ""}}, {"model": "admin.logentry", "pk": 62, "fields": {"action_time": "2018-06-07T03:59:48.488Z", "user": 1, "content_type": 11, "object_id": "5", "object_repr": "Comment by: carlositurrios ", "action_flag": 3, "change_message": ""}}, {"model": "admin.logentry", "pk": 63, "fields": {"action_time": "2018-06-07T03:59:48.623Z", "user": 1, "content_type": 11, "object_id": "3", "object_repr": "Comment by: carlositurrios ", "action_flag": 3, "change_message": ""}}, {"model": "admin.logentry", "pk": 64, "fields": {"action_time": "2018-06-07T03:59:48.757Z", "user": 1, "content_type": 11, "object_id": "2", "object_repr": "Comment by: Heberasio123 ", "action_flag": 3, "change_message": ""}}, {"model": "admin.logentry", "pk": 65, "fields": {"action_time": "2018-06-07T03:59:48.889Z", "user": 1, "content_type": 11, "object_id": "1", "object_repr": "Comment by: Heberasio123 ", "action_flag": 3, "change_message": ""}}, {"model": "admin.logentry", "pk": 66, "fields": {"action_time": "2018-06-07T04:08:37.617Z", "user": 1, "content_type": 2, "object_id": "1", "object_repr": "Manager", "action_flag": 1, "change_message": "[{\"added\": {}}]"}}, {"model": "admin.logentry", "pk": 67, "fields": {"action_time": "2018-06-07T04:09:43.201Z", "user": 1, "content_type": 2, "object_id": "2", "object_repr": "Technical", "action_flag": 1, "change_message": "[{\"added\": {}}]"}}, {"model": "admin.logentry", "pk": 68, "fields": {"action_time": "2018-06-07T04:12:41.802Z", "user": 1, "content_type": 2, "object_id": "3", "object_repr": "Director", "action_flag": 1, "change_message": "[{\"added\": {}}]"}}, {"model": "admin.logentry", "pk": 69, "fields": {"action_time": "2018-06-07T04:14:22.421Z", "user": 1, "content_type": 2, "object_id": "4", "object_repr": "Subdirector", "action_flag": 1, "change_message": "[{\"added\": {}}]"}}, {"model": "admin.logentry", "pk": 70, "fields": {"action_time": "2018-06-07T04:14:36.823Z", "user": 1, "content_type": 2, "object_id": "5", "object_repr": "User", "action_flag": 1, "change_message": "[{\"added\": {}}]"}}, {"model": "admin.logentry", "pk": 71, "fields": {"action_time": "2018-06-07T04:15:39.663Z", "user": 1, "content_type": 2, "object_id": "2", "object_repr": "Technical", "action_flag": 2, "change_message": "[{\"changed\": {\"fields\": [\"permissions\"]}}]"}}, {"model": "admin.logentry", "pk": 72, "fields": {"action_time": "2018-06-07T04:22:15.680Z", "user": 1, "content_type": 11, "object_id": "9", "object_repr": "Comment by: carlositurrios ", "action_flag": 2, "change_message": "[]"}}, {"model": "admin.logentry", "pk": 73, "fields": {"action_time": "2018-06-07T04:23:00.248Z", "user": 1, "content_type": 4, "object_id": "1", "object_repr": "carlositurrios", "action_flag": 2, "change_message": "[{\"changed\": {\"fields\": [\"groups\"]}}]"}}, {"model": "admin.logentry", "pk": 74, "fields": {"action_time": "2018-06-07T04:23:47.808Z", "user": 1, "content_type": 4, "object_id": "1", "object_repr": "carlositurrios", "action_flag": 2, "change_message": "[{\"changed\": {\"fields\": [\"groups\"]}}]"}}, {"model": "admin.logentry", "pk": 75, "fields": {"action_time": "2018-06-07T04:24:04.341Z", "user": 1, "content_type": 4, "object_id": "1", "object_repr": "carlositurrios", "action_flag": 2, "change_message": "[{\"changed\": {\"fields\": [\"groups\"]}}]"}}, {"model": "admin.logentry", "pk": 76, "fields": {"action_time": "2018-06-07T04:24:23.850Z", "user": 1, "content_type": 4, "object_id": "1", "object_repr": "carlositurrios", "action_flag": 2, "change_message": "[{\"changed\": {\"fields\": [\"groups\"]}}]"}}, {"model": "admin.logentry", "pk": 77, "fields": {"action_time": "2018-06-07T04:24:48.661Z", "user": 1, "content_type": 4, "object_id": "1", "object_repr": "carlositurrios", "action_flag": 2, "change_message": "[{\"changed\": {\"fields\": [\"groups\"]}}]"}}, {"model": "admin.logentry", "pk": 78, "fields": {"action_time": "2018-06-07T04:28:12.049Z", "user": 1, "content_type": 11, "object_id": "9", "object_repr": "Comment by: carlositurrios ", "action_flag": 3, "change_message": ""}}, {"model": "admin.logentry", "pk": 79, "fields": {"action_time": "2018-06-07T04:28:22.898Z", "user": 1, "content_type": 9, "object_id": "2", "object_repr": "Poll of the Request N: 11 Status: Pennding Request type: Events in general ", "action_flag": 3, "change_message": ""}}, {"model": "admin.logentry", "pk": 80, "fields": {"action_time": "2018-06-07T04:28:23.042Z", "user": 1, "content_type": 9, "object_id": "1", "object_repr": "Poll of the Request N: 1 Status: on process Request type: Maintenance of computer equipment ", "action_flag": 3, "change_message": ""}}, {"model": "admin.logentry", "pk": 81, "fields": {"action_time": "2018-06-07T04:28:46.300Z", "user": 1, "content_type": 7, "object_id": "11", "object_repr": "Request N: 11 Status: Pennding Request type: Events in general", "action_flag": 3, "change_message": ""}}, {"model": "admin.logentry", "pk": 82, "fields": {"action_time": "2018-06-07T04:28:46.454Z", "user": 1, "content_type": 7, "object_id": "10", "object_repr": "Request N: 10 Status: Pennding Request type: Software configuration", "action_flag": 3, "change_message": ""}}, {"model": "admin.logentry", "pk": 83, "fields": {"action_time": "2018-06-07T04:28:46.602Z", "user": 1, "content_type": 7, "object_id": "9", "object_repr": "Request N: 9 Status: Pennding Request type: Maintenance of computer equipment", "action_flag": 3, "change_message": ""}}, {"model": "admin.logentry", "pk": 84, "fields": {"action_time": "2018-06-07T04:28:46.745Z", "user": 1, "content_type": 7, "object_id": "8", "object_repr": "Request N: 8 Status: Pennding Request type: Software configuration", "action_flag": 3, "change_message": ""}}, {"model": "admin.logentry", "pk": 85, "fields": {"action_time": "2018-06-07T04:28:46.910Z", "user": 1, "content_type": 7, "object_id": "7", "object_repr": "Request N: 7 Status: Pennding Request type: Maintenance of computer equipment", "action_flag": 3, "change_message": ""}}, {"model": "admin.logentry", "pk": 86, "fields": {"action_time": "2018-06-07T04:28:47.076Z", "user": 1, "content_type": 7, "object_id": "6", "object_repr": "Request N: 6 Status: Pennding Request type: Software configuration", "action_flag": 3, "change_message": ""}}, {"model": "admin.logentry", "pk": 87, "fields": {"action_time": "2018-06-07T04:28:47.243Z", "user": 1, "content_type": 7, "object_id": "5", "object_repr": "Request N: 5 Status: Canceled Request type: Audio", "action_flag": 3, "change_message": ""}}, {"model": "admin.logentry", "pk": 88, "fields": {"action_time": "2018-06-07T04:28:47.387Z", "user": 1, "content_type": 7, "object_id": "4", "object_repr": "Request N: 4 Status: Done Request type: Events in general", "action_flag": 3, "change_message": ""}}, {"model": "admin.logentry", "pk": 89, "fields": {"action_time": "2018-06-07T04:28:47.553Z", "user": 1, "content_type": 7, "object_id": "3", "object_repr": "Request N: 3 Status: Pennding Request type: Software configuration", "action_flag": 3, "change_message": ""}}, {"model": "admin.logentry", "pk": 90, "fields": {"action_time": "2018-06-07T04:28:47.699Z", "user": 1, "content_type": 7, "object_id": "2", "object_repr": "Request N: 2 Status: Canceled Request type: Events in general", "action_flag": 3, "change_message": ""}}, {"model": "admin.logentry", "pk": 91, "fields": {"action_time": "2018-06-07T04:28:47.833Z", "user": 1, "content_type": 7, "object_id": "1", "object_repr": "Request N: 1 Status: on process Request type: Maintenance of computer equipment", "action_flag": 3, "change_message": ""}}, {"model": "admin.logentry", "pk": 92, "fields": {"action_time": "2018-06-07T04:30:18.219Z", "user": 1, "content_type": 8, "object_id": "1", "object_repr": "Equipment: Hp keyboard ", "action_flag": 3, "change_message": ""}}, {"model": "admin.logentry", "pk": 93, "fields": {"action_time": "2018-06-07T05:14:16.393Z", "user": 1, "content_type": 12, "object_id": "1", "object_repr": "Department object", "action_flag": 1, "change_message": "[{\"added\": {}}]"}}, {"model": "admin.logentry", "pk": 94, "fields": {"action_time": "2018-06-07T15:35:06.765Z", "user": 1, "content_type": 8, "object_id": "2", "object_repr": "Equipment: Computadora ", "action_flag": 1, "change_message": "[{\"added\": {}}]"}}, {"model": "admin.logentry", "pk": 95, "fields": {"action_time": "2018-06-08T03:22:23.312Z", "user": 1, "content_type": 12, "object_id": "1", "object_repr": "Department object", "action_flag": 3, "change_message": ""}}, {"model": "admin.logentry", "pk": 96, "fields": {"action_time": "2018-06-08T03:23:51.071Z", "user": 1, "content_type": 12, "object_id": "1", "object_repr": "Department object", "action_flag": 1, "change_message": "[{\"added\": {}}]"}}, {"model": "admin.logentry", "pk": 97, "fields": {"action_time": "2018-06-08T03:40:49.505Z", "user": 1, "content_type": 13, "object_id": "1", "object_repr": "carlositurrios", "action_flag": 1, "change_message": "[{\"added\": {}}]"}}, {"model": "admin.logentry", "pk": 98, "fields": {"action_time": "2018-06-08T03:47:10.374Z", "user": 1, "content_type": 4, "object_id": "4", "object_repr": "Rector", "action_flag": 1, "change_message": "[{\"added\": {}}]"}}, {"model": "admin.logentry", "pk": 99, "fields": {"action_time": "2018-06-08T03:47:51.641Z", "user": 1, "content_type": 4, "object_id": "4", "object_repr": "Rector", "action_flag": 2, "change_message": "[{\"changed\": {\"fields\": [\"first_name\", \"last_name\", \"email\", \"groups\"]}}]"}}, {"model": "admin.logentry", "pk": 100, "fields": {"action_time": "2018-06-08T03:48:32.726Z", "user": 1, "content_type": 13, "object_id": "2", "object_repr": "Rector", "action_flag": 2, "change_message": "[]"}}, {"model": "admin.logentry", "pk": 101, "fields": {"action_time": "2018-06-08T03:48:33.078Z", "user": 1, "content_type": 13, "object_id": "2", "object_repr": "Rector", "action_flag": 2, "change_message": "[]"}}, {"model": "admin.logentry", "pk": 102, "fields": {"action_time": "2018-06-08T03:56:35.811Z", "user": 1, "content_type": 13, "object_id": "2", "object_repr": "Rector", "action_flag": 2, "change_message": "[]"}}, {"model": "admin.logentry", "pk": 103, "fields": {"action_time": "2018-06-08T04:40:58.123Z", "user": 1, "content_type": 2, "object_id": "6", "object_repr": "Rectoria", "action_flag": 1, "change_message": "[{\"added\": {}}]"}}, {"model": "admin.logentry", "pk": 104, "fields": {"action_time": "2018-06-08T04:48:38.118Z", "user": 1, "content_type": 13, "object_id": "3", "object_repr": "Heberasio123", "action_flag": 1, "change_message": "[{\"added\": {}}]"}}, {"model": "admin.logentry", "pk": 105, "fields": {"action_time": "2018-06-08T04:49:21.081Z", "user": 1, "content_type": 4, "object_id": "2", "object_repr": "Heberasio123", "action_flag": 2, "change_message": "[{\"changed\": {\"fields\": [\"groups\"]}}]"}}, {"model": "admin.logentry", "pk": 106, "fields": {"action_time": "2018-06-08T04:51:03.917Z", "user": 1, "content_type": 13, "object_id": "4", "object_repr": "pancho12", "action_flag": 1, "change_message": "[{\"added\": {}}]"}}, {"model": "admin.logentry", "pk": 107, "fields": {"action_time": "2018-06-08T04:51:31.598Z", "user": 1, "content_type": 4, "object_id": "3", "object_repr": "pancho12", "action_flag": 2, "change_message": "[{\"changed\": {\"fields\": [\"first_name\", \"last_name\", \"groups\"]}}]"}}, {"model": "admin.logentry", "pk": 108, "fields": {"action_time": "2018-06-08T04:52:32.172Z", "user": 1, "content_type": 4, "object_id": "5", "object_repr": "Angel14", "action_flag": 1, "change_message": "[{\"added\": {}}]"}}, {"model": "admin.logentry", "pk": 109, "fields": {"action_time": "2018-06-08T04:52:55.056Z", "user": 1, "content_type": 4, "object_id": "5", "object_repr": "Angel14", "action_flag": 2, "change_message": "[{\"changed\": {\"fields\": [\"first_name\", \"last_name\", \"groups\"]}}]"}}, {"model": "admin.logentry", "pk": 110, "fields": {"action_time": "2018-06-08T04:53:30.032Z", "user": 1, "content_type": 13, "object_id": "5", "object_repr": "Angel14", "action_flag": 2, "change_message": "[{\"changed\": {\"fields\": [\"department\"]}}]"}}, {"model": "admin.logentry", "pk": 111, "fields": {"action_time": "2018-06-10T20:17:09.857Z", "user": 1, "content_type": 7, "object_id": "23", "object_repr": "Request N: 23 Status: Pennding Request type: Maintenance of computer equipment", "action_flag": 3, "change_message": ""}}, {"model": "admin.logentry", "pk": 112, "fields": {"action_time": "2018-06-10T20:17:09.986Z", "user": 1, "content_type": 7, "object_id": "22", "object_repr": "Request N: 22 Status: Pennding Request type: Maintenance of computer equipment", "action_flag": 3, "change_message": ""}}, {"model": "admin.logentry", "pk": 113, "fields": {"action_time": "2018-06-10T20:17:10.109Z", "user": 1, "content_type": 7, "object_id": "21", "object_repr": "Request N: 21 Status: Pennding Request type: Maintenance of computer equipment", "action_flag": 3, "change_message": ""}}, {"model": "admin.logentry", "pk": 114, "fields": {"action_time": "2018-06-10T20:17:10.208Z", "user": 1, "content_type": 7, "object_id": "20", "object_repr": "Request N: 20 Status: Pennding Request type: Software configuration", "action_flag": 3, "change_message": ""}}, {"model": "admin.logentry", "pk": 115, "fields": {"action_time": "2018-06-10T20:17:10.480Z", "user": 1, "content_type": 7, "object_id": "19", "object_repr": "Request N: 19 Status: Pennding Request type: Computer consulting", "action_flag": 3, "change_message": ""}}, {"model": "admin.logentry", "pk": 116, "fields": {"action_time": "2018-06-10T20:17:10.589Z", "user": 1, "content_type": 7, "object_id": "18", "object_repr": "Request N: 18 Status: Pennding Request type: Audio", "action_flag": 3, "change_message": ""}}, {"model": "admin.logentry", "pk": 117, "fields": {"action_time": "2018-06-10T20:17:10.813Z", "user": 1, "content_type": 7, "object_id": "17", "object_repr": "Request N: 17 Status: Pennding Request type: Computer consulting", "action_flag": 3, "change_message": ""}}, {"model": "admin.logentry", "pk": 118, "fields": {"action_time": "2018-06-10T20:17:11.363Z", "user": 1, "content_type": 7, "object_id": "16", "object_repr": "Request N: 16 Status: Pennding Request type: Software configuration", "action_flag": 3, "change_message": ""}}, {"model": "admin.logentry", "pk": 119, "fields": {"action_time": "2018-06-10T20:17:11.486Z", "user": 1, "content_type": 7, "object_id": "15", "object_repr": "Request N: 15 Status: Pennding Request type: Maintenance of computer equipment", "action_flag": 3, "change_message": ""}}, {"model": "admin.logentry", "pk": 120, "fields": {"action_time": "2018-06-10T20:17:11.585Z", "user": 1, "content_type": 7, "object_id": "14", "object_repr": "Request N: 14 Status: on process Request type: Software configuration", "action_flag": 3, "change_message": ""}}, {"model": "admin.logentry", "pk": 121, "fields": {"action_time": "2018-06-10T20:17:11.776Z", "user": 1, "content_type": 7, "object_id": "13", "object_repr": "Request N: 13 Status: Pennding Request type: Events in general", "action_flag": 3, "change_message": ""}}, {"model": "admin.logentry", "pk": 122, "fields": {"action_time": "2018-06-10T20:17:11.930Z", "user": 1, "content_type": 7, "object_id": "12", "object_repr": "Request N: 12 Status: on process Request type: Software configuration", "action_flag": 3, "change_message": ""}}, {"model": "admin.logentry", "pk": 123, "fields": {"action_time": "2018-06-10T23:32:16.390Z", "user": 1, "content_type": 9, "object_id": "1", "object_repr": "Poll of the Request N: 25 Status: Pennding Request type: Software installation ", "action_flag": 3, "change_message": ""}}, {"model": "admin.logentry", "pk": 124, "fields": {"action_time": "2018-06-10T23:32:32.245Z", "user": 1, "content_type": 7, "object_id": "25", "object_repr": "Request N: 25 Status: Pennding Request type: Software installation", "action_flag": 3, "change_message": ""}}, {"model": "admin.logentry", "pk": 125, "fields": {"action_time": "2018-06-10T23:32:32.379Z", "user": 1, "content_type": 7, "object_id": "24", "object_repr": "Request N: 24 Status: Pennding Request type: Software installation", "action_flag": 3, "change_message": ""}}, {"model": "admin.logentry", "pk": 126, "fields": {"action_time": "2018-06-10T23:33:42.382Z", "user": 1, "content_type": 9, "object_id": "2", "object_repr": "Poll of the Request N: 26 Status: Pennding Request type: Software configuration ", "action_flag": 2, "change_message": "[{\"changed\": {\"fields\": [\"status\"]}}]"}}, {"model": "admin.logentry", "pk": 127, "fields": {"action_time": "2018-06-11T01:54:25.300Z", "user": 1, "content_type": 9, "object_id": "2", "object_repr": "Poll of the Request N: 26 Status: Pennding Request type: Software configuration status: 1 ", "action_flag": 2, "change_message": "[{\"changed\": {\"fields\": [\"status\"]}}]"}}, {"model": "admin.logentry", "pk": 128, "fields": {"action_time": "2018-06-11T01:54:32.345Z", "user": 1, "content_type": 9, "object_id": "3", "object_repr": "Poll of the Request N: 27 Status: Pennding Request type: Software installation status: 1 ", "action_flag": 2, "change_message": "[{\"changed\": {\"fields\": [\"status\"]}}]"}}, {"model": "admin.logentry", "pk": 129, "fields": {"action_time": "2018-06-11T02:12:02.892Z", "user": 1, "content_type": 8, "object_id": "2", "object_repr": "Equipment: Computadora ", "action_flag": 2, "change_message": "[{\"changed\": {\"fields\": [\"responsible\"]}}]"}}, {"model": "admin.logentry", "pk": 130, "fields": {"action_time": "2018-06-11T02:14:26.463Z", "user": 1, "content_type": 8, "object_id": "3", "object_repr": "Equipment: None ", "action_flag": 1, "change_message": "[{\"added\": {}}]"}}, {"model": "admin.logentry", "pk": 131, "fields": {"action_time": "2018-06-11T02:16:30.067Z", "user": 1, "content_type": 8, "object_id": "3", "object_repr": "Equipment: None ", "action_flag": 2, "change_message": "[]"}}, {"model": "admin.logentry", "pk": 132, "fields": {"action_time": "2018-06-11T02:28:50.906Z", "user": 1, "content_type": 8, "object_id": "3", "object_repr": "Equipment: None ", "action_flag": 3, "change_message": ""}}, {"model": "admin.logentry", "pk": 133, "fields": {"action_time": "2018-06-11T03:12:47.755Z", "user": 1, "content_type": 10, "object_id": "4", "object_repr": "Tittle: LOCAL EVENTS ", "action_flag": 2, "change_message": "[{\"changed\": {\"fields\": [\"date_event\"]}}]"}}, {"model": "admin.logentry", "pk": 134, "fields": {"action_time": "2018-06-11T16:56:17.492Z", "user": 1, "content_type": 4, "object_id": "5", "object_repr": "Angel14", "action_flag": 2, "change_message": "[{\"changed\": {\"fields\": [\"groups\"]}}]"}}, {"model": "admin.logentry", "pk": 135, "fields": {"action_time": "2018-06-11T17:05:46.538Z", "user": 1, "content_type": 10, "object_id": "4", "object_repr": "Tittle: LOCAL EVENTS ", "action_flag": 2, "change_message": "[{\"changed\": {\"fields\": [\"date_event\"]}}]"}}, {"model": "admin.logentry", "pk": 136, "fields": {"action_time": "2018-06-11T17:07:18.948Z", "user": 1, "content_type": 10, "object_id": "4", "object_repr": "Tittle: LOCAL EVENTS ", "action_flag": 2, "change_message": "[{\"changed\": {\"fields\": [\"date_event\"]}}]"}}, {"model": "admin.logentry", "pk": 137, "fields": {"action_time": "2018-06-11T23:57:37.232Z", "user": 1, "content_type": 7, "object_id": "26", "object_repr": "Request N: 26 Status: Pennding Request type: Software configuration", "action_flag": 2, "change_message": "[{\"changed\": {\"fields\": [\"status\"]}}]"}}, {"model": "admin.logentry", "pk": 138, "fields": {"action_time": "2018-06-12T00:17:22.189Z", "user": 1, "content_type": 9, "object_id": "9", "object_repr": "Poll of the Request N: 33 Status: Pennding Request type: Software installation status: 1 ", "action_flag": 3, "change_message": ""}}, {"model": "admin.logentry", "pk": 139, "fields": {"action_time": "2018-06-12T00:17:22.325Z", "user": 1, "content_type": 9, "object_id": "8", "object_repr": "Poll of the Request N: 32 Status: Done Request type: Computer consulting status: 2 ", "action_flag": 3, "change_message": ""}}, {"model": "admin.logentry", "pk": 140, "fields": {"action_time": "2018-06-12T00:17:22.450Z", "user": 1, "content_type": 9, "object_id": "7", "object_repr": "Poll of the Request N: 31 Status: Done Request type: Software configuration status: 2 ", "action_flag": 3, "change_message": ""}}, {"model": "admin.logentry", "pk": 141, "fields": {"action_time": "2018-06-12T00:17:22.583Z", "user": 1, "content_type": 9, "object_id": "6", "object_repr": "Poll of the Request N: 30 Status: Done Request type: Software configuration status: 1 ", "action_flag": 3, "change_message": ""}}, {"model": "admin.logentry", "pk": 142, "fields": {"action_time": "2018-06-12T00:17:22.715Z", "user": 1, "content_type": 9, "object_id": "5", "object_repr": "Poll of the Request N: 29 Status: Done Request type: Software configuration status: 2 ", "action_flag": 3, "change_message": ""}}, {"model": "admin.logentry", "pk": 143, "fields": {"action_time": "2018-06-12T00:17:22.838Z", "user": 1, "content_type": 9, "object_id": "4", "object_repr": "Poll of the Request N: 28 Status: Done Request type: Maintenance of computer equipment status: 2 ", "action_flag": 3, "change_message": ""}}, {"model": "admin.logentry", "pk": 144, "fields": {"action_time": "2018-06-12T00:17:22.959Z", "user": 1, "content_type": 9, "object_id": "3", "object_repr": "Poll of the Request N: 27 Status: Done Request type: Software installation status: 2 ", "action_flag": 3, "change_message": ""}}, {"model": "admin.logentry", "pk": 145, "fields": {"action_time": "2018-06-12T00:17:23.082Z", "user": 1, "content_type": 9, "object_id": "2", "object_repr": "Poll of the Request N: 26 Status: Pennding Request type: Software configuration status: 2 ", "action_flag": 3, "change_message": ""}}, {"model": "admin.logentry", "pk": 146, "fields": {"action_time": "2018-06-12T00:17:31.929Z", "user": 1, "content_type": 7, "object_id": "33", "object_repr": "Request N: 33 Status: Pennding Request type: Software installation", "action_flag": 3, "change_message": ""}}, {"model": "admin.logentry", "pk": 147, "fields": {"action_time": "2018-06-12T00:17:32.070Z", "user": 1, "content_type": 7, "object_id": "32", "object_repr": "Request N: 32 Status: Done Request type: Computer consulting", "action_flag": 3, "change_message": ""}}, {"model": "admin.logentry", "pk": 148, "fields": {"action_time": "2018-06-12T00:17:32.249Z", "user": 1, "content_type": 7, "object_id": "31", "object_repr": "Request N: 31 Status: Done Request type: Software configuration", "action_flag": 3, "change_message": ""}}, {"model": "admin.logentry", "pk": 149, "fields": {"action_time": "2018-06-12T00:17:32.394Z", "user": 1, "content_type": 7, "object_id": "30", "object_repr": "Request N: 30 Status: Done Request type: Software configuration", "action_flag": 3, "change_message": ""}}, {"model": "admin.logentry", "pk": 150, "fields": {"action_time": "2018-06-12T00:17:32.626Z", "user": 1, "content_type": 7, "object_id": "29", "object_repr": "Request N: 29 Status: Done Request type: Software configuration", "action_flag": 3, "change_message": ""}}, {"model": "admin.logentry", "pk": 151, "fields": {"action_time": "2018-06-12T00:17:32.749Z", "user": 1, "content_type": 7, "object_id": "28", "object_repr": "Request N: 28 Status: Done Request type: Maintenance of computer equipment", "action_flag": 3, "change_message": ""}}, {"model": "admin.logentry", "pk": 152, "fields": {"action_time": "2018-06-12T00:17:32.939Z", "user": 1, "content_type": 7, "object_id": "27", "object_repr": "Request N: 27 Status: Done Request type: Software installation", "action_flag": 3, "change_message": ""}}, {"model": "admin.logentry", "pk": 153, "fields": {"action_time": "2018-06-12T00:17:33.126Z", "user": 1, "content_type": 7, "object_id": "26", "object_repr": "Request N: 26 Status: Pennding Request type: Software configuration", "action_flag": 3, "change_message": ""}}, {"model": "admin.logentry", "pk": 154, "fields": {"action_time": "2018-06-14T19:13:34.196Z", "user": 1, "content_type": 10, "object_id": "4", "object_repr": "Tittle: LOCAL EVENTS ", "action_flag": 2, "change_message": "[{\"changed\": {\"fields\": [\"date_event\"]}}]"}}, {"model": "admin.logentry", "pk": 155, "fields": {"action_time": "2018-06-14T19:14:54.511Z", "user": 1, "content_type": 10, "object_id": "4", "object_repr": "Tittle: LOCAL EVENTS ", "action_flag": 2, "change_message": "[{\"changed\": {\"fields\": [\"date_event\"]}}]"}}, {"model": "admin.logentry", "pk": 156, "fields": {"action_time": "2018-06-21T15:55:30.337Z", "user": 1, "content_type": 11, "object_id": "15", "object_repr": "Comment by: <bound method User.get_full_name of <User: Rector>> ", "action_flag": 1, "change_message": "[{\"added\": {}}]"}}, {"model": "admin.logentry", "pk": 157, "fields": {"action_time": "2018-06-22T15:09:50.182Z", "user": 1, "content_type": 7, "object_id": "43", "object_repr": "Request N: 43 Status: Pennding Request type: Computer consulting", "action_flag": 2, "change_message": "[{\"changed\": {\"fields\": [\"status\", \"observations\"]}}]"}}, {"model": "admin.logentry", "pk": 158, "fields": {"action_time": "2018-07-03T18:19:12.873Z", "user": 1, "content_type": 10, "object_id": "4", "object_repr": "Tittle: LOCAL EVENTS ", "action_flag": 2, "change_message": "[{\"changed\": {\"fields\": [\"date_event\"]}}]"}}, {"model": "admin.logentry", "pk": 159, "fields": {"action_time": "2018-07-03T18:19:21.500Z", "user": 1, "content_type": 10, "object_id": "3", "object_repr": "Tittle: CONVENTIONS / EXHIBITIONS ", "action_flag": 2, "change_message": "[{\"changed\": {\"fields\": [\"date_event\"]}}]"}}, {"model": "admin.logentry", "pk": 160, "fields": {"action_time": "2018-07-03T18:19:41.409Z", "user": 1, "content_type": 10, "object_id": "1", "object_repr": "Tittle: Guided visit to the Cbtis students ", "action_flag": 2, "change_message": "[{\"changed\": {\"fields\": [\"description\", \"date_event\"]}}]"}}, {"model": "admin.logentry", "pk": 161, "fields": {"action_time": "2018-07-30T16:26:19.927Z", "user": 1, "content_type": 10, "object_id": "4", "object_repr": "Tittle: LOCAL EVENTS ", "action_flag": 2, "change_message": "[{\"changed\": {\"fields\": [\"date_event\"]}}]"}}, {"model": "admin.logentry", "pk": 162, "fields": {"action_time": "2018-07-30T16:26:26.739Z", "user": 1, "content_type": 10, "object_id": "3", "object_repr": "Tittle: CONVENTIONS / EXHIBITIONS ", "action_flag": 2, "change_message": "[{\"changed\": {\"fields\": [\"date_event\"]}}]"}}, {"model": "admin.logentry", "pk": 163, "fields": {"action_time": "2018-07-30T16:26:41.485Z", "user": 1, "content_type": 10, "object_id": "4", "object_repr": "Tittle: LOCAL EVENTS ", "action_flag": 2, "change_message": "[{\"changed\": {\"fields\": [\"date_event\"]}}]"}}, {"model": "admin.logentry", "pk": 164, "fields": {"action_time": "2018-07-30T16:26:48.395Z", "user": 1, "content_type": 10, "object_id": "3", "object_repr": "Tittle: CONVENTIONS / EXHIBITIONS ", "action_flag": 2, "change_message": "[{\"changed\": {\"fields\": [\"date_event\"]}}]"}}, {"model": "admin.logentry", "pk": 165, "fields": {"action_time": "2018-07-31T15:52:21.344Z", "user": 1, "content_type": 4, "object_id": "3", "object_repr": "pancho12", "action_flag": 2, "change_message": "[{\"changed\": {\"fields\": [\"groups\"]}}]"}}, {"model": "admin.logentry", "pk": 166, "fields": {"action_time": "2018-08-05T19:49:54.936Z", "user": 1, "content_type": 8, "object_id": "2", "object_repr": "Equipment: Computadora ", "action_flag": 2, "change_message": "[{\"changed\": {\"fields\": [\"responsible\"]}}]"}}, {"model": "admin.logentry", "pk": 167, "fields": {"action_time": "2018-08-05T19:51:16.747Z", "user": 1, "content_type": 8, "object_id": "4", "object_repr": "Equipment: prueba ", "action_flag": 1, "change_message": "[{\"added\": {}}]"}}, {"model": "admin.logentry", "pk": 168, "fields": {"action_time": "2018-08-05T19:51:29.652Z", "user": 1, "content_type": 8, "object_id": "4", "object_repr": "Equipment: prueba ", "action_flag": 3, "change_message": ""}}, {"model": "admin.logentry", "pk": 169, "fields": {"action_time": "2018-08-05T19:52:29.410Z", "user": 1, "content_type": 8, "object_id": "2", "object_repr": "Equipment: Dell 20127 ", "action_flag": 2, "change_message": "[{\"changed\": {\"fields\": [\"name\"]}}]"}}, {"model": "admin.logentry", "pk": 170, "fields": {"action_time": "2018-08-07T15:46:04.589Z", "user": 1, "content_type": 7, "object_id": "56", "object_repr": "Request N: 56 Status: Pennding Request type: Maintenance of computer equipment", "action_flag": 2, "change_message": "[{\"changed\": {\"fields\": [\"status\", \"comments\", \"observations\", \"date_onprocess\"]}}]"}}, {"model": "admin.logentry", "pk": 171, "fields": {"action_time": "2018-08-08T17:11:54.714Z", "user": 1, "content_type": 4, "object_id": "4", "object_repr": "Rector", "action_flag": 2, "change_message": "[{\"changed\": {\"fields\": [\"password\"]}}]"}}, {"model": "admin.logentry", "pk": 172, "fields": {"action_time": "2018-08-16T16:58:51.695Z", "user": 1, "content_type": 10, "object_id": "4", "object_repr": "Tittle: LOCAL EVENTS ", "action_flag": 2, "change_message": "[{\"changed\": {\"fields\": [\"date_event\"]}}]"}}, {"model": "admin.logentry", "pk": 173, "fields": {"action_time": "2018-08-16T16:59:02.062Z", "user": 1, "content_type": 10, "object_id": "3", "object_repr": "Tittle: CONVENTIONS / EXHIBITIONS ", "action_flag": 2, "change_message": "[{\"changed\": {\"fields\": [\"date_event\"]}}]"}}, {"model": "admin.logentry", "pk": 174, "fields": {"action_time": "2018-08-16T16:59:09.989Z", "user": 1, "content_type": 10, "object_id": "1", "object_repr": "Tittle: Guided visit to the Cbtis students ", "action_flag": 2, "change_message": "[{\"changed\": {\"fields\": [\"date_event\"]}}]"}}]